title,date,url,player,textblob_sentiment,relevance_score
James Harden scores 47 points in Houston Rockets win over LA Clippers,2020,https://www.bbc.co.uk/sport/basketball/50415754,James Harden,0.1313492063492063,0.1086275801314555
James Harden dunk incorrectly ruled out in NBA,2020,https://www.bbc.co.uk/sport/av/basketball/50660758,James Harden,0.0,1.0
James Harden dunk ruled out as Houston Rockets lose to San Antonio Spurs in Texas,2020,https://www.bbc.co.uk/sport/basketball/50656136,James Harden,0.086574074074074,0.07540029239924065
James Harden scores 60 points as Houston Rockets beat the Atlanta Hawks 158-111,2020,https://www.bbc.co.uk/sport/basketball/50619743,James Harden,0.1719780219780219,0.0799842027746563
Houston Rockets: NBA rejects protest against San Antonio Spurs defeat after referee blunder,2020,https://www.bbc.co.uk/sport/basketball/50722749,James Harden,-0.0577777777777777,0.04289580033421512
"NBA round-up: Kawhi Leonard faces former club Toronto Raptors for first time, Steph Curry back in spring",2020,https://www.bbc.co.uk/sport/basketball/50386091,James Harden,0.0293181818181818,0.06203969804682852
"NBA All-Star Weekend 2020: Slam dunks, emotional tributes and the best players",2020,https://www.bbc.co.uk/sport/basketball/51488762,James Harden,0.1762665719696969,0.03702117118469781
Kobe Bryant: NBA All-Star MVP Award to be named after LA Lakers legend,2020,https://www.bbc.co.uk/sport/basketball/51520480,James Harden,0.15,0.09126121146636307
"NBA: LA rivalry, Zion Williamson & China disputes - the big talking points before new season",2020,https://www.bbc.co.uk/sport/basketball/50132656,James Harden,0.1554373278236914,0.049772535648435874
Damian Lillard: Portland Trail Blazers point guard continues scoring streak,2020,https://www.bbc.co.uk/sport/basketball/51346693,James Harden,0.1521367521367521,0.051839106355037363
NBA All-Star Game: Kobe Bryant tributes as Team LeBron beat Team Giannis,2020,https://www.bbc.co.uk/sport/basketball/51528411,James Harden,0.0063973063973063,0.0380768263906236
NBA: LeBron James scores slam dunk in top 10 plays,2020,https://www.bbc.co.uk/sport/av/basketball/50464754,James Harden,0.5,0.27891543410058295
Kobe Bryant: NBA legend's career in numbers,2020,https://www.bbc.co.uk/sport/basketball/51258733,James Harden,0.1062499999999999,0.05491309149152379
Zion Williamson: Number one draft pick set makes long-awaited NBA debut,2020,https://www.bbc.co.uk/sport/basketball/51213233,James Harden,0.2045016408322859,0.05905492870586847
Kawhi Leonard and Paul George break scoring records in LA Clippers win,2020,https://www.bbc.co.uk/sport/basketball/50792823,James Harden,0.3333333333333333,0.06423623199990171
Luka Doncic scores 40-point triple-double as Dallas Mavericks beat San Antonio Spurs,2020,https://www.bbc.co.uk/sport/basketball/50471018,James Harden,0.3061224489795919,0.07964520059785044
Super Bowl 2020: Kansas City beat San Francisco - Patrick Mahomes provides perfect finish,2020,https://www.bbc.co.uk/sport/american-football/51354055,James Harden,0.1003057988523104,0.012085732130108585
Kobe Bryant: Wife Vanessa leads emotional memorial to basketball star and daughter Gianna,2020,https://www.bbc.co.uk/sport/basketball/51622134,James Harden,0.2902263374485597,0.025645157343659884
Kawhi Leonard: LA Clippers star enjoys victorious return to Toronto Raptors,2020,https://www.bbc.co.uk/sport/basketball/50755293,James Harden,0.0881313131313131,0.0409522197629384
Damian Lillard: Portland Trail Blazers point guard continues scoring streak,2020,https://www.bbc.co.uk/sport/basketball/51346693,Damian Lillard,0.1521367521367521,0.051839106355037363
Kobe Bryant: LeBron James leads tributes to LA Lakers legend,2020,https://www.bbc.co.uk/sport/basketball/51338764,Damian Lillard,0.0533625730994152,0.01254326148959014
Billy Joe Saunders eyes Saul 'Canelo' Alvarez after Marcelo Esteban Coceres win,2020,https://www.bbc.co.uk/sport/boxing/50364944,Devin Booker,0.1821428571428571,0.020278794786556392
WhatsOnStage Awards: Claire Foy and Andrew Scott among winners,2020,https://www.bbc.co.uk/news/entertainment-arts-51674934,Devin Booker,0.0,0.0
NBA: Giannis Antetokounmpo and LeBron James face off in top two battle,2020,https://www.bbc.co.uk/sport/av/basketball/50867519,Giannis Antetokounmpo,0.5,0.6438330602954052
"Giannis Antetokounmpo, Anthony Davis and Andre Drummond headline a bumper week",2020,https://www.bbc.co.uk/sport/av/basketball/50715366,Giannis Antetokounmpo,0.0,0.6438330602954052
LeBron James dunk features in NBA All-Star game best plays,2020,https://www.bbc.co.uk/sport/av/basketball/51531161,Giannis Antetokounmpo,0.3,0.0
NBA plays of the week: LeBron James nets a long-range missile,2020,https://www.bbc.co.uk/sport/av/basketball/51809179,Giannis Antetokounmpo,0.0,0.0
Why Toronto Raptors fan Drake took WWE belts to the Milwaukee Bucks game,2020,https://www.bbc.co.uk/sport/basketball/51647926,Giannis Antetokounmpo,0.0659946236559139,0.034159367350558786
NBA All-Star Game: Kobe Bryant tributes as Team LeBron beat Team Giannis,2020,https://www.bbc.co.uk/sport/basketball/51528411,Giannis Antetokounmpo,0.0063973063973063,0.06588077285910457
Kobe Bryant: NBA All-Star MVP Award to be named after LA Lakers legend,2020,https://www.bbc.co.uk/sport/basketball/51520480,Giannis Antetokounmpo,0.15,0.14052673713410868
"NBA All-Star Weekend 2020: Slam dunks, emotional tributes and the best players",2020,https://www.bbc.co.uk/sport/basketball/51488762,Giannis Antetokounmpo,0.1762665719696969,0.04445582864781266
Milwaukee Bucks beat LA Lakers despite LeBron James triple double,2020,https://www.bbc.co.uk/sport/basketball/50863787,Giannis Antetokounmpo,0.1104591836734694,0.06156244725833442
Luka Doncic scores 40-point triple-double as Dallas Mavericks beat San Antonio Spurs,2020,https://www.bbc.co.uk/sport/basketball/50471018,Giannis Antetokounmpo,0.3061224489795919,0.023656298530470483
Zion Williamson: Number one draft pick set makes long-awaited NBA debut,2020,https://www.bbc.co.uk/sport/basketball/51213233,Giannis Antetokounmpo,0.2045016408322859,0.033666918364654505
"NBA: LA rivalry, Zion Williamson & China disputes - the big talking points before new season",2020,https://www.bbc.co.uk/sport/basketball/50132656,Giannis Antetokounmpo,0.1554373278236914,0.021569292057400984
NBA: Luka Doncic helps hand Golden State Warriors heaviest loss since 1973,2020,https://www.bbc.co.uk/sport/basketball/50499690,Giannis Antetokounmpo,0.0397130647130647,0.0
Coronavirus: LeBron James says he will refuse to play if LA Lakers games go behind closed doors,2020,https://www.bbc.co.uk/sport/basketball/51780963,Giannis Antetokounmpo,0.1507034632034632,0.025409707733878812
Kobe Bryant: LeBron James leads tributes to LA Lakers legend,2020,https://www.bbc.co.uk/sport/basketball/51338764,Giannis Antetokounmpo,0.0533625730994152,0.028037079408389544
Famous sporting siblings: Brothers and sisters in sport,2020,https://www.bbc.co.uk/newsround/27507687,Giannis Antetokounmpo,0.5,0.0
Fight Talk: Who wins Wilder v Fury II? Was John Ryder robbed of world title?,2020,https://www.bbc.co.uk/sport/boxing/50547953,Giannis Antetokounmpo,0.1250969516594516,0.006155822798799797
NBA: Vince Carter becomes first player to play in four different decades,2020,https://www.bbc.co.uk/sport/basketball/50999401,Trae Young,0.1784090909090909,0.07995834975080963
"NBA All-Star Weekend 2020: Slam dunks, emotional tributes and the best players",2020,https://www.bbc.co.uk/sport/basketball/51488762,Trae Young,0.1762665719696969,0.022182341859429102
"NBA: LA rivalry, Zion Williamson & China disputes - the big talking points before new season",2020,https://www.bbc.co.uk/sport/basketball/50132656,Trae Young,0.1554373278236914,0.026977092312169593
World Series 2019: Houston Astros & Washington Nationals set for Fall Classic,2020,https://www.bbc.co.uk/sport/baseball/50122313,Trae Young,0.1344022415940224,0.022187012297421652
Super Bowl 2020: Kansas City beat San Francisco - Patrick Mahomes provides perfect finish,2020,https://www.bbc.co.uk/sport/american-football/51354055,Trae Young,0.1003057988523104,0.017991381466855777
"Super Bowl 2020: Who is playing, who are the favourites and where will the game be won?",2020,https://www.bbc.co.uk/sport/american-football/51334679,Trae Young,0.155262467191601,0.015300971495081268
'Take the next shot' - the new message from Kobe Bryant's final game,2020,https://www.bbc.co.uk/sport/basketball/51385296,Trae Young,0.0144758297258297,0.010740283756782508
Luka Doncic scores 40-point triple-double as Dallas Mavericks beat San Antonio Spurs,2020,https://www.bbc.co.uk/sport/basketball/50471018,Luka Dončić,0.3061224489795919,0.023656298530470483
NBA: Luka Doncic helps hand Golden State Warriors heaviest loss since 1973,2020,https://www.bbc.co.uk/sport/basketball/50499690,Luka Dončić,0.0397130647130647,0.0
NBA: 'Oh baby what a slam!' Zion Williamson and Luka Doncic shine in Rising Stars game,2020,https://www.bbc.co.uk/sport/av/basketball/51515252,Luka Dončić,-0.4,0.20746893161501812
LA Lakers: Anthony Davis scores 50 points in 142-125 victory over Minnesota Timberwolves,2020,https://www.bbc.co.uk/sport/basketball/50710520,Luka Dončić,0.2507843137254902,0.0
Boston Calling: Leading the way,2020,https://www.bbc.co.uk/programmes/w3csy5vt,Luka Dončić,0.0,0.0
"NBA All-Star Weekend 2020: Slam dunks, emotional tributes and the best players",2020,https://www.bbc.co.uk/sport/basketball/51488762,Luka Dončić,0.1762665719696969,0.012837881130463498
Zion Williamson: Number one draft pick set makes long-awaited NBA debut,2020,https://www.bbc.co.uk/sport/basketball/51213233,Luka Dončić,0.2045016408322859,0.014600647325925071
England floods: Ten days 'of difficult conditions' expected,2020,https://www.bbc.co.uk/news/uk-england-51653246,Bradley Beal,-0.1999999999999999,0.0
The Morning Show: Will Gompertz reviews Aniston and Witherspoon's Apple TV drama âââââ,2020,https://www.bbc.co.uk/news/entertainment-arts-50215451,Bradley Beal,0.0,0.0
General election 2019: Who is standing in Scotland?,2020,https://www.bbc.co.uk/news/election-2019-50437627,Bradley Beal,0.05,0.0
"David Beckham, LeBron James & Justin Bieber - Meet âthe GOATâ of hat making",2020,https://www.bbc.co.uk/sport/av/50866497,LeBron James,0.0,0.5202924207866805
NBA plays of the week: LeBron James nets a long-range missile,2020,https://www.bbc.co.uk/sport/av/basketball/51809179,LeBron James,0.0,0.7305677540284644
"NBA: Ric Flair, LeBron James and Zion Williamson star in LA Lakers v New Orleans Pelicans",2020,https://www.bbc.co.uk/sport/av/basketball/51645706,LeBron James,0.1363636363636363,0.43652976588733283
NBA: LeBron James gets crowd roaring in best plays of the week,2020,https://www.bbc.co.uk/sport/av/basketball/51451220,LeBron James,1.0,0.6438330602954052
LeBron James scores 40 points in LA Lakers win over New Orleans Pelicans,2020,https://www.bbc.co.uk/sport/basketball/51640926,LeBron James,0.1929004329004329,0.04210207245680296
LeBron James calls on MLB to listen to players over Houston Astros sign-stealing,2020,https://www.bbc.co.uk/sport/baseball/51554398,LeBron James,-0.1882457177596066,0.04961430534353899
LeBron James dominates this week's NBA best plays,2020,https://www.bbc.co.uk/sport/av/basketball/50890827,LeBron James,1.0,0.8443099119671311
NBA: Giannis Antetokounmpo and LeBron James face off in top two battle,2020,https://www.bbc.co.uk/sport/av/basketball/50867519,LeBron James,0.5,0.6438330602954055
"Russell Westbrook, Jayson Tatum and LeBron James star in the NBA best plays of the week",2020,https://www.bbc.co.uk/sport/av/basketball/51633817,LeBron James,1.0,0.5202924207866804
NBA: LA Lakers' LeBron James & Anthony Davis 'show-off' their dunking skills,2020,https://www.bbc.co.uk/sport/av/basketball/50973249,LeBron James,0.0,0.5755074808812175
Kobe Bryant: LeBron James leads tributes to LA Lakers legend,2020,https://www.bbc.co.uk/sport/basketball/51338764,LeBron James,0.0533625730994152,0.03774220230718807
LeBron James dunk features in NBA All-Star game best plays,2020,https://www.bbc.co.uk/sport/av/basketball/51531161,LeBron James,0.3,0.6438330602954052
Coronavirus: LeBron James says he will refuse to play if LA Lakers games go behind closed doors,2020,https://www.bbc.co.uk/sport/basketball/51780963,LeBron James,0.1507034632034632,0.0342005703394127
LeBron James surpasses Kobe Bryant in NBA's all-time scoring list,2020,https://www.bbc.co.uk/sport/basketball/51254093,LeBron James,0.1647058823529411,0.04002163958600073
LeBron James surpasses Kobe Bryant in NBA's all-time scoring list,2020,https://www.bbc.co.uk/sport/av/basketball/51256108,LeBron James,0.0,0.6438330602954052
Celtics' Jaylen Brown scores huge dunk over Lakers star LeBron James,2020,https://www.bbc.co.uk/sport/av/basketball/51190659,LeBron James,0.4000000000000001,0.5755074808812175
LeBron James: 'A sensational alley-oop' - watch NBA top 10 plays of the week,2020,https://www.bbc.co.uk/sport/av/basketball/50948141,LeBron James,0.5833333333333333,0.5755074808812175
LeBron James promises to continue Kobe Bryant's legacy,2020,https://www.bbc.co.uk/sport/basketball/51276513,LeBron James,0.1194699656135826,0.03588421177793795
'Touchdown!' - Watch LeBron James's NFL-style catch in the NBA top 10 plays,2020,https://www.bbc.co.uk/sport/av/basketball/50637017,LeBron James,0.5,0.2501953396189476
NBA: LeBron James scores slam dunk in top 10 plays,2020,https://www.bbc.co.uk/sport/av/basketball/50464754,LeBron James,0.5,0.6438330602954052
LeBron James sets NBA triple-double record as LA Lakers beat Oklahoma City Thunder,2020,https://www.bbc.co.uk/sport/basketball/50485751,LeBron James,0.2759999999999999,0.03562117543182952
"Bang Bang: The artist whoâs tattooed LeBron James, Rihanna, Lewis Hamilton and Thierry Henry",2020,https://www.bbc.co.uk/sport/av/50861709,LeBron James,0.0,0.47474469510047734
Milwaukee Bucks beat LA Lakers despite LeBron James triple double,2020,https://www.bbc.co.uk/sport/basketball/50863787,LeBron James,0.1104591836734694,0.01830869179050764
LeBron James: LA Lakers star makes triple-double history,2020,https://www.bbc.co.uk/newsround/50491569,LeBron James,0.0,0.7305677540284644
"'Live on, brother' - Lakers pay emotional tribute to Kobe Bryant",2020,https://www.bbc.co.uk/sport/av/basketball/51339994,LeBron James,0.0681818181818181,0.0
Kobe Bryant death: BBC apologises for TV news footage mistake,2020,https://www.bbc.co.uk/news/uk-51259479,LeBron James,0.0,0.0
Zion Williamson: Number one draft pick set makes long-awaited NBA debut,2020,https://www.bbc.co.uk/sport/basketball/51213233,LeBron James,0.2045016408322859,0.059054928705868474
Leyton Orient 1-1 Macclesfield Town,2020,https://www.bbc.co.uk/sport/football/51268291,Donovan Mitchell,0.158924062049062,0.024449775855970187
Fifa eClub World Cup: Meet the virtual Kevin de Bruyne,2020,https://www.bbc.co.uk/sport/football/51415720,Donovan Mitchell,0.2185335497835497,0.006003718826623932
"Scottish Gossip: Celtic, Rangers, Hearts, Man City, Liverpool, Arsenal, Man Utd, Chelsea, Kilmarnock, Lafferty, Tierney, Christie",2020,https://www.bbc.co.uk/sport/football/51004914,Donovan Mitchell,0.117363147605083,0.006094065636825388
NBA: LA Lakers' LeBron James & Anthony Davis 'show-off' their dunking skills,2020,https://www.bbc.co.uk/sport/av/basketball/50973249,Anthony Davis,0.0,0.5755074808812175
"Giannis Antetokounmpo, Anthony Davis and Andre Drummond headline a bumper week",2020,https://www.bbc.co.uk/sport/av/basketball/50715366,Anthony Davis,0.0,0.6438330602954051
LA Lakers: Anthony Davis scores 50 points in 142-125 victory over Minnesota Timberwolves,2020,https://www.bbc.co.uk/sport/basketball/50710520,Anthony Davis,0.2507843137254902,0.04698710566038626
Damian Lillard: Portland Trail Blazers point guard continues scoring streak,2020,https://www.bbc.co.uk/sport/basketball/51346693,Anthony Davis,0.1521367521367521,0.05183910635503736
"NBA: LA rivalry, Zion Williamson & China disputes - the big talking points before new season",2020,https://www.bbc.co.uk/sport/basketball/50132656,Anthony Davis,0.1554373278236914,0.031054262681213887
LA Lakers equal franchise record for best start to season with win over Washington Wizards,2020,https://www.bbc.co.uk/sport/basketball/50612672,Anthony Davis,0.2742857142857142,0.022350661312426037
"NBA All-Star Weekend 2020: Slam dunks, emotional tributes and the best players",2020,https://www.bbc.co.uk/sport/basketball/51488762,Anthony Davis,0.1762665719696969,0.022182341859429102
"Russell Westbrook, Jayson Tatum and LeBron James star in the NBA best plays of the week",2020,https://www.bbc.co.uk/sport/av/basketball/51633817,Russell Westbrook,1.0,0.5202924207866805
NBA: Sacramento Kings' Nemanja Bjelica scores winning three-pointer against Houston Rockets,2020,https://www.bbc.co.uk/sport/av/basketball/50733460,Russell Westbrook,0.5,0.0
"NBA round-up: Kawhi Leonard faces former club Toronto Raptors for first time, Steph Curry back in spring",2020,https://www.bbc.co.uk/sport/basketball/50386091,Russell Westbrook,0.0293181818181818,0.04957490483779078
NBA: 'The West Beast is unleashed' - watch top 10 plays,2020,https://www.bbc.co.uk/sport/av/basketball/50294307,Russell Westbrook,0.5,0.0
"NBA: LA rivalry, Zion Williamson & China disputes - the big talking points before new season",2020,https://www.bbc.co.uk/sport/basketball/50132656,Russell Westbrook,0.1554373278236914,0.021569292057400984
LeBron James sets NBA triple-double record as LA Lakers beat Oklahoma City Thunder,2020,https://www.bbc.co.uk/sport/basketball/50485751,Russell Westbrook,0.2759999999999999,0.017773003404746114
NBA: Luka Doncic helps hand Golden State Warriors heaviest loss since 1973,2020,https://www.bbc.co.uk/sport/basketball/50499690,Russell Westbrook,0.0397130647130647,0.028330012619087835
Kobe Bryant: Wife Vanessa leads emotional memorial to basketball star and daughter Gianna,2020,https://www.bbc.co.uk/sport/basketball/51622134,Russell Westbrook,0.2902263374485597,0.014840380128749898
"NFL predictions: 49ers at Ravens, Patriots at Texans, Vikings at Seahawks",2020,https://www.bbc.co.uk/sport/american-football/50614235,Russell Westbrook,-0.0248328523328523,0.03534682472641674
"Russell Westbrook, Jayson Tatum and LeBron James star in the NBA best plays of the week",2020,https://www.bbc.co.uk/sport/av/basketball/51633817,Jayson Tatum,1.0,0.5202924207866805
LA Lakers fall to heaviest defeat of season at Boston Celtics,2020,https://www.bbc.co.uk/sport/basketball/51188819,Jayson Tatum,0.1116161616161616,0.03642211314948129
"NBA All-Star Weekend 2020: Slam dunks, emotional tributes and the best players",2020,https://www.bbc.co.uk/sport/basketball/51488762,Jayson Tatum,0.1762665719696969,0.012837881130463498
Kawhi Leonard and Paul George break scoring records in LA Clippers win,2020,https://www.bbc.co.uk/sport/basketball/50792823,Kawhi Leonard,0.3333333333333333,0.09668474073586934
Kawhi Leonard: LA Clippers star enjoys victorious return to Toronto Raptors,2020,https://www.bbc.co.uk/sport/basketball/50755293,Kawhi Leonard,0.0881313131313131,0.06156244725833453
NBA: Kawhi Leonard smashes dunk of the night on LA Clippers debut against LA Lakers,2020,https://www.bbc.co.uk/sport/av/basketball/50151079,Kawhi Leonard,0.0,0.5202924207866805
"NBA round-up: Kawhi Leonard faces former club Toronto Raptors for first time, Steph Curry back in spring",2020,https://www.bbc.co.uk/sport/basketball/50386091,Kawhi Leonard,0.0293181818181818,0.04306612582964838
NBA: Kawhi Leonard scores slam dunk in top 10 plays,2020,https://www.bbc.co.uk/sport/av/basketball/50559276,Kawhi Leonard,0.5,0.6438330602954052
NBA: Clippers beat Lakers in Los Angeles and Enes Kanter plays outside the US,2020,https://www.bbc.co.uk/sport/basketball/50916394,Kawhi Leonard,0.1556818181818182,0.031091174673644664
NBA All-Star Game: Kobe Bryant tributes as Team LeBron beat Team Giannis,2020,https://www.bbc.co.uk/sport/basketball/51528411,Kawhi Leonard,0.0063973063973063,0.04764428707233386
"NBA: LA rivalry, Zion Williamson & China disputes - the big talking points before new season",2020,https://www.bbc.co.uk/sport/basketball/50132656,Kawhi Leonard,0.1554373278236914,0.049772535648435874
NBA: 'Acrobatic' shots & game-winning dunks in top plays of the week,2020,https://www.bbc.co.uk/sport/av/basketball/50822414,Kawhi Leonard,0.5,0.0
Serge Ibaka: NBA champion's YouTube cooking show,2020,https://www.bbc.co.uk/sport/av/africa/50508593,Kawhi Leonard,0.0,0.0
"NBA All-Star Weekend 2020: Slam dunks, emotional tributes and the best players",2020,https://www.bbc.co.uk/sport/basketball/51488762,Kawhi Leonard,0.1762665719696969,0.022182341859429102
NBA: Luka Doncic helps hand Golden State Warriors heaviest loss since 1973,2020,https://www.bbc.co.uk/sport/basketball/50499690,Kawhi Leonard,0.0397130647130647,0.02833001261908783
"Laureus Awards: Liverpool, Lewis Hamilton, Andy Murray and Tiger Woods among nominees",2020,https://www.bbc.co.uk/sport/51119390,Kawhi Leonard,0.2351495726495726,0.019269982037085437
Pascal Siakam: Toronto Raptors star & his unconventional path from Cameroon to NBA,2020,https://www.bbc.co.uk/sport/basketball/50377942,Kawhi Leonard,0.1805823153254661,0.006097229745360155
NBA: Aaron Gordon jumps over 7ft 5in player but loses Slam Dunk contest to Derrick Jones Jr,2020,https://www.bbc.co.uk/sport/av/basketball/51515256,Zach LaVine,-0.3,0.0
Pascal Siakam: Toronto Raptors star & his unconventional path from Cameroon to NBA,2020,https://www.bbc.co.uk/sport/basketball/50377942,DeMar DeRozan,0.1805823153254661,0.006097229745360155
Lamar Jackson: Baltimore Ravens quarterback breaks NFL rushing record in win,2020,https://www.bbc.co.uk/sport/american-football/50777314,Brandon Ingram,0.1633252164502164,0.01964064730914917
Fifa eClub World Cup: Meet the virtual Kevin de Bruyne,2020,https://www.bbc.co.uk/sport/football/51415720,Brandon Ingram,0.2185335497835497,0.006003718826623932
LeBron James dominates this week's NBA best plays,2020,https://www.bbc.co.uk/sport/av/basketball/50890827,Nikola Jokić,1.0,0.0
NBA: Luka Doncic helps hand Golden State Warriors heaviest loss since 1973,2020,https://www.bbc.co.uk/sport/basketball/50499690,Nikola Jokić,0.0397130647130647,0.012674117081985124
LeBron James surpasses Kobe Bryant in NBA's all-time scoring list,2020,https://www.bbc.co.uk/sport/basketball/51254093,Tobias Harris,0.1647058823529411,0.01996338831521814
Super Bowl 2020: Kansas City beat San Francisco - Patrick Mahomes provides perfect finish,2020,https://www.bbc.co.uk/sport/american-football/51354055,Tobias Harris,0.1003057988523104,0.012085732130108585
The Washington Nationals win game six to take World Series to a decider,2020,https://www.bbc.co.uk/sport/baseball/50231661,Tobias Harris,0.0179188912938912,0.014106898494289494
Golden Globes 2020: Full list of winners and nominees,2020,https://www.bbc.co.uk/news/entertainment-arts-50713841,Tobias Harris,0.3249999999999999,0.0
The Russell Prize 2019: A celebration of the year's greatest prose,2020,https://www.bbc.co.uk/news/entertainment-arts-50734740,Tobias Harris,1.0,0.0
The week ahead in Parliament,2020,https://www.bbc.co.uk/news/uk-politics-51331161,Tobias Harris,0.0,0.0
Pascal Siakam: Toronto Raptors star & his unconventional path from Cameroon to NBA,2020,https://www.bbc.co.uk/sport/basketball/50377942,Pascal Siakam,0.1805823153254661,0.07988586619640511
Northampton 16-43 Leinster: Irish side stay top of Heineken Champions Cup pool,2020,https://www.bbc.co.uk/sport/rugby-union/50689995,Collin Sexton,0.1115655543287122,0.015910877506308548
"NBA: Paul George, Chris Paul & John Collins in plays of the week",2020,https://www.bbc.co.uk/sport/av/basketball/51092995,Chris Paul,0.0,0.9999999999999998
"Scotland Outdoors: Mark and Euan are joined by storyteller Pauline Cordiner, Euan boards a Santa steam train and Mark visits a Christmas grotto",2020,https://www.bbc.co.uk/programmes/p07ylshl,Chris Paul,0.0,0.0
Paul McCartney unwraps his 'secret' Christmas album,2020,https://www.bbc.co.uk/news/entertainment-arts-50755325,Chris Paul,-0.4,0.42541724548026727
Cooking with Paula McIntyre: Chocolate Christmas Cake with Vanilla Marzipan,2020,https://www.bbc.co.uk/programmes/p07vw271,Chris Paul,0.0,0.0
Elite League: Cardiff Devils 4-2 Guildford Flames,2020,https://www.bbc.co.uk/sport/ice-hockey/51601275,Evan Fournier,0.175,0.03436179148145183
Elite League: Cardiff Devils 7-3 Sheffield Steelers,2020,https://www.bbc.co.uk/sport/ice-hockey/51775433,Evan Fournier,0.195,0.06348425396572908
Elite League: Coventry Blaze 3-4 Cardiff Devils,2020,https://www.bbc.co.uk/sport/ice-hockey/51607135,Evan Fournier,0.2240740740740741,0.05566463314947348
Memphis Grizzlies duo Ja Morant & Jaren Jackson Jr lead NBA plays of the week,2020,https://www.bbc.co.uk/sport/av/basketball/51176919,Ja Morant,0.0,0.4747446951004774
Memphis Grizzlies' Ja Morant's crossover leads NBA plays of the week,2020,https://www.bbc.co.uk/sport/av/basketball/51009391,Ja Morant,0.0,0.27891543410058295
LA Lakers fall to heaviest defeat of season at Boston Celtics,2020,https://www.bbc.co.uk/sport/basketball/51188819,Ja Morant,0.1116161616161616,0.0
Zion Williamson: Number one draft pick set makes long-awaited NBA debut,2020,https://www.bbc.co.uk/sport/basketball/51213233,Ja Morant,0.2045016408322859,0.025230561196392803
NBA plays of the week: Boston Celtics' Jaylen Brown hits buzzer beater,2020,https://www.bbc.co.uk/sport/av/basketball/51714542,Jaylen Brown,0.0,0.5755074808812175
Celtics' Jaylen Brown scores huge dunk over Lakers star LeBron James,2020,https://www.bbc.co.uk/sport/av/basketball/51190659,Jaylen Brown,0.4000000000000001,0.5755074808812175
LA Lakers fall to heaviest defeat of season at Boston Celtics,2020,https://www.bbc.co.uk/sport/basketball/51188819,Jaylen Brown,0.1116161616161616,0.0
NBA: Clippers beat Lakers in Los Angeles and Enes Kanter plays outside the US,2020,https://www.bbc.co.uk/sport/basketball/50916394,Jaylen Brown,0.1556818181818182,0.013907350041674088
"Super Bowl 2020: Who is playing, who are the favourites and where will the game be won?",2020,https://www.bbc.co.uk/sport/american-football/51334679,Jimmy Butler,0.155262467191601,0.01913400167616117
Super Bowl 2020: Kansas City Chiefs pull off a sensational comeback to beat San Francisco 49ers,2020,https://www.bbc.co.uk/sport/american-football/51352326,Jimmy Butler,0.1608655705996131,0.010380508326111723
Sports Personality of the Year 2019: Remembering the stars we have lost,2020,https://www.bbc.co.uk/sport/sports-personality/50781741,Jimmy Butler,0.1456078643578644,0.0
LA Lakers fall to heaviest defeat of season at Boston Celtics,2020,https://www.bbc.co.uk/sport/basketball/51188819,Kemba Walker,0.1116161616161616,0.08164363439454335
"NBA All-Star Weekend 2020: Slam dunks, emotional tributes and the best players",2020,https://www.bbc.co.uk/sport/basketball/51488762,Kemba Walker,0.1762665719696969,0.0128378811304635
NBA: Clippers beat Lakers in Los Angeles and Enes Kanter plays outside the US,2020,https://www.bbc.co.uk/sport/basketball/50916394,Kemba Walker,0.1556818181818182,0.031091174673644657
Eli Manning: New York Giants quarterback announces retirement,2020,https://www.bbc.co.uk/sport/american-football/51213242,Terry Rozier,0.1476655443322109,0.020665170857130613
James Harden scores 47 points in Houston Rockets win over LA Clippers,2020,https://www.bbc.co.uk/sport/basketball/50415754,Kyle Lowry,0.1313492063492063,0.024126081953334287
Kawhi Leonard: LA Clippers star enjoys victorious return to Toronto Raptors,2020,https://www.bbc.co.uk/sport/basketball/50755293,Kyle Lowry,0.0881313131313131,0.0
Super Bowl 2020: Kansas City Chiefs pull off a sensational comeback to beat San Francisco 49ers,2020,https://www.bbc.co.uk/sport/american-football/51352326,Kyle Lowry,0.1608655705996131,0.015579365706390054
"Super Bowl 2020: Who is playing, who are the favourites and where will the game be won?",2020,https://www.bbc.co.uk/sport/american-football/51334679,Kyle Lowry,0.155262467191601,0.01913400167616117
The basketball champions' rings with 640 diamonds,2020,https://www.bbc.co.uk/news/world-us-canada-50157895,Kyle Lowry,0.0,0.0
Irish Premiership: Linfield four clear as rivals are beaten,2020,https://www.bbc.co.uk/sport/football/51415991,Kyle Lowry,0.1457120811287477,0.01077228552290775
Irish Premiership: Cliftonville go three points clear at top,2020,https://www.bbc.co.uk/sport/football/50925365,Kyle Lowry,0.1075462178723048,0.01036067635846896
Lamar Jackson: Baltimore Ravens quarterback named NFL's most valuable player for 2019,2020,https://www.bbc.co.uk/sport/american-football/51344508,Jamal Murray,0.1574973876698014,0.03061010289445726
"Bolt, Messi, Ronaldo, Williams, Hamilton, Murray, Kohli, Biles - icons of the decade",2020,https://www.bbc.co.uk/sport/50878569,Jamal Murray,0.0,0.0
"Yungblud, Georgia and Celeste make the BBC Sound of 2020 longlist",2020,https://www.bbc.co.uk/news/entertainment-arts-50741299,Harrison Barnes,0.4,0.0
Premiership: Saracens 36-22 Sale Sharks - Sarries score four tries in win over Sharks,2020,https://www.bbc.co.uk/sport/rugby-union/51449713,Harrison Barnes,0.1159900284900285,0.01906672863365725
General election 2019: Who is standing in Scotland?,2020,https://www.bbc.co.uk/news/election-2019-50437627,Harrison Barnes,0.05,0.0
Paris-Nice: Max Schachmann wins first stage in four-man sprint finish,2020,https://www.bbc.co.uk/sport/cycling/51792030,Rudy Gobert,0.0226851851851851,0.02652840451055014
Zion Williamson: New Orleans Pelicans forward impresses on long-awaited NBA debut,2020,https://www.bbc.co.uk/sport/basketball/51218384,LaMarcus Aldridge,0.1019262941919192,0.051412176536777765
Kamala Harris endorses Joe Biden as Democratic presidential candidate,2020,https://www.bbc.co.uk/news/world-us-canada-51792561,Joe Harris,0.0,0.7305677540284645
Kamala Harris drops out of US presidential race,2020,https://www.bbc.co.uk/news/world-us-canada-50636738,Joe Harris,0.0,0.42541724548026727
Cardiff City suffer Joe Ralls injury blow,2020,https://www.bbc.co.uk/sport/football/50879702,Joe Harris,0.1396296296296296,0.1530930172615869
Neil Etheridge: Goalkeeper may stay at Cardiff City with Joe Day leaving instead,2020,https://www.bbc.co.uk/sport/football/51135649,Joe Harris,0.1962222222222222,0.07635576101392341
Eli Manning: New York Giants quarterback announces retirement,2020,https://www.bbc.co.uk/sport/american-football/51213242,Joe Harris,0.1476655443322109,0.020665170857130613
England v Montenegro: Three Lions qualify for Euro 2020 with thumping win,2020,https://www.bbc.co.uk/sport/live/football/50430194,Joe Harris,0.8,0.0
Harry Wilson welcomes returning Wales stars,2020,https://www.bbc.co.uk/sport/av/football/50451680,Joe Harris,0.0,0.0
Stephen Curry: Golden State Warriors star out for three months after hand surgery,2020,https://www.bbc.co.uk/sport/basketball/50270341,Kevin Love,0.05,0.05804797015790816
NBA All-Star Game: Kobe Bryant tributes as Team LeBron beat Team Giannis,2020,https://www.bbc.co.uk/sport/basketball/51528411,Kevin Love,0.0063973063973063,0.025564502620302524
Kobe Bryant: NBA legend's career in numbers,2020,https://www.bbc.co.uk/sport/basketball/51258733,Kevin Love,0.1062499999999999,0.04205965965977041
Petition calls for Kobe Bryant to be added to NBA logo,2020,https://www.bbc.co.uk/news/world-us-canada-51275170,Kevin Love,0.0,0.0
Tom Brady: New England Patriots quarterback 'still has more to prove' after play-offs defeat,2020,https://www.bbc.co.uk/sport/american-football/51037495,Kevin Love,0.1333886882675147,0.036619812787063964
Tom Brady: New England Patriots quarterback 'pretty unlikely' to retire despite defeat,2020,https://www.bbc.co.uk/sport/american-football/50997756,Kevin Love,0.1630404889228419,0.024436476028707868
The Christmas tree that honours lost loved ones,2020,https://www.bbc.co.uk/news/uk-wales-50605428,Kevin Love,0.7,0.0
"NBA All-Star Weekend 2020: Slam dunks, emotional tributes and the best players",2020,https://www.bbc.co.uk/sport/basketball/51488762,Kevin Love,0.1762665719696969,0.022182341859429102
"NBA: LA rivalry, Zion Williamson & China disputes - the big talking points before new season",2020,https://www.bbc.co.uk/sport/basketball/50132656,Kevin Love,0.1554373278236914,0.021569292057400984
BBL Cup final: Worcester Wolves 67-59 Bristol Flyers,2020,https://www.bbc.co.uk/sport/basketball/51258390,Fred VanVleet,0.0281208664021163,0.030001803411473817
Kobe Bryant: NBA All-Star MVP Award to be named after LA Lakers legend,2020,https://www.bbc.co.uk/sport/basketball/51520480,Ben Simmons,0.15,0.054343371476464945
LeBron James surpasses Kobe Bryant in NBA's all-time scoring list,2020,https://www.bbc.co.uk/sport/basketball/51254093,Ben Simmons,0.1647058823529411,0.044662178801019956
Premiership: Leicester Tigers 18-9 Wasps,2020,https://www.bbc.co.uk/sport/rugby-union/51449706,Ben Simmons,0.0641075244200244,0.028037079408389443
"Australia fires: Roger Federer, Serena Williams & Rafael Nadal to play fundraiser",2020,https://www.bbc.co.uk/sport/tennis/51031591,Ben Simmons,0.0205128205128205,0.01131645956618448
Pau 24-17 Leicester: Tigers lose but seal European Challenge Cup home quarter-final,2020,https://www.bbc.co.uk/sport/rugby-union/51091235,Ben Simmons,0.0796934865900383,0.02233933932762546
Premiership: Saracens 24-13 Leicester Tigers - Alex Lewington double helps Sarries win,2020,https://www.bbc.co.uk/sport/rugby-union/51722082,Ben Simmons,0.0608548752834467,0.019882273963953798
European Challenge Cup: Cardiff Blues 11-14 Leicester Tigers,2020,https://www.bbc.co.uk/sport/rugby-union/50476917,Ben Simmons,0.1076135105204872,0.01964222788257551
Premiership: Bath 13-10 Leicester Tigers - Tom Homer's two tries earn home win,2020,https://www.bbc.co.uk/sport/rugby-union/51192042,Ben Simmons,0.0475318761384335,0.015930228597468173
Joel Embiid and Karl-Anthony Towns are ejected for fight,2020,https://www.bbc.co.uk/sport/av/basketball/50250809,Karl-Anthony Towns,0.0,1.0
The Washington Nationals win game six to take World Series to a decider,2020,https://www.bbc.co.uk/sport/baseball/50231661,Karl-Anthony Towns,0.0179188912938912,0.006315834201292595
County Lines: 18 jailed for heroin and cocaine trafficking,2020,https://www.bbc.co.uk/news/uk-wales-50867266,Karl-Anthony Towns,0.0,0.0
Riot Girls: The Trial of The Well of Loneliness,2020,https://www.bbc.co.uk/programmes/m000drb9,Gordon Hayward,0.0,0.0
Raul Jimenez: Wolves striker and girlfriend Daniela Basso hold gender reveal at Molineux,2020,https://www.bbc.co.uk/sport/football/51766982,Gordon Hayward,0.1343434343434343,0.030001803411473852
Benetton 19-38 Glasgow Warriors: Two late tries seal bonus-point victory,2020,https://www.bbc.co.uk/sport/rugby-union/50985161,Gordon Hayward,0.0979402872260015,0.01421785324440993
Damian Lillard: Portland Trail Blazers point guard continues scoring streak,2020,https://www.bbc.co.uk/sport/basketball/51346693,Carmelo Anthony,0.1521367521367521,0.051839106355037363
Kobe Bryant: LeBron James leads tributes to LA Lakers legend,2020,https://www.bbc.co.uk/sport/basketball/51338764,Carmelo Anthony,0.0533625730994152,0.028037079408389544
"NBA: LA rivalry, Zion Williamson & China disputes - the big talking points before new season",2020,https://www.bbc.co.uk/sport/basketball/50132656,Carmelo Anthony,0.1554373278236914,0.021569292057400984
World Series 2019: Houston Astros & Washington Nationals set for Fall Classic,2020,https://www.bbc.co.uk/sport/baseball/50122313,Carmelo Anthony,0.1344022415940224,0.022187012297421652
Fight Talk: Who wins Wilder v Fury II? Was John Ryder robbed of world title?,2020,https://www.bbc.co.uk/sport/boxing/50547953,Carmelo Anthony,0.1250969516594516,0.006155822798799797
"NBA All-Star Weekend 2020: Slam dunks, emotional tributes and the best players",2020,https://www.bbc.co.uk/sport/basketball/51488762,Carmelo Anthony,0.1762665719696969,0.0128378811304635
The Washington Nationals win game six to take World Series to a decider,2020,https://www.bbc.co.uk/sport/baseball/50231661,Carmelo Anthony,0.0179188912938912,0.02117623953363594
Kobe Bryant: Investigators work to determine cause of crash,2020,https://www.bbc.co.uk/news/world-us-canada-51272002,Carmelo Anthony,0.0,0.0
"Bolt, Messi, Ronaldo, Williams, Hamilton, Murray, Kohli, Biles - icons of the decade",2020,https://www.bbc.co.uk/sport/50878569,Carmelo Anthony,0.0,0.0
NBA: Aaron Gordon jumps over 7ft 5in player but loses Slam Dunk contest to Derrick Jones Jr,2020,https://www.bbc.co.uk/sport/av/basketball/51515256,Aaron Gordon,-0.3,0.4040087772712469
Forest Green Rovers 1-2 Walsall,2020,https://www.bbc.co.uk/sport/football/51268284,Aaron Gordon,0.0011904761904761,0.030224753651276734
Teenagers in Musselburgh street murder bid have sentences cut,2020,https://www.bbc.co.uk/news/uk-scotland-edinburgh-east-fife-51418191,Aaron Gordon,0.0,0.0
Exeter City 3-3 Walsall,2020,https://www.bbc.co.uk/sport/football/50791515,Aaron Gordon,0.1240730158730158,0.026399264139786747
"Blades, Sweat and Tears: John Collins, Karen Bennett, and friends",2020,https://www.bbc.co.uk/programmes/p08481k8,John Collins,0.0,0.7305677540284644
John Collins: Atlanta Hawks forward given 25-game drugs ban,2020,https://www.bbc.co.uk/sport/basketball/50308719,John Collins,-0.1368181818181818,0.057433205110924514
"NBA: Paul George, Chris Paul & John Collins in plays of the week",2020,https://www.bbc.co.uk/sport/av/basketball/51092995,John Collins,0.0,0.6438330602954052
Joey Barton: Fleetwood Town manager to go on trial accused of assaulting Daniel Stendel,2020,https://www.bbc.co.uk/sport/football/50315993,Will Barton,0.065625,0.07089156759231104
Coronavirus: Torbay GP surgeries closed to 'contain outbreak',2020,https://www.bbc.co.uk/news/uk-england-devon-51737546,Will Barton,-0.1,0.0
Kobe Bryant: NBA All-Star MVP Award to be named after LA Lakers legend,2020,https://www.bbc.co.uk/sport/basketball/51520480,Will Barton,0.15,0.070098801139232
NBA All-Star Game: Kobe Bryant tributes as Team LeBron beat Team Giannis,2020,https://www.bbc.co.uk/sport/basketball/51528411,Will Barton,0.0063973063973063,0.032976257024834386
"Giannis Antetokounmpo, Anthony Davis and Andre Drummond headline a bumper week",2020,https://www.bbc.co.uk/sport/av/basketball/50715366,Andre Drummond,0.0,0.6438330602954051
A Bridge Through Time,2020,https://www.bbc.co.uk/programmes/m000c40n,Miles Bridges,0.0,0.0
Queensferry Crossing closure halts driver carrying holiday home,2020,https://www.bbc.co.uk/news/uk-scotland-edinburgh-east-fife-51461497,Miles Bridges,0.0,0.0
Moray councillors back taking over new Lossiemouth bridge,2020,https://www.bbc.co.uk/news/uk-scotland-north-east-orkney-shetland-50822844,Miles Bridges,0.0681818181818181,0.0
Southampton gridlock warning as M27 set for third closure,2020,https://www.bbc.co.uk/news/uk-england-hampshire-50806522,Miles Bridges,0.0,0.0
M27 motorway Romsey Road bridge work closure postponed,2020,https://www.bbc.co.uk/news/uk-england-hampshire-51012649,Miles Bridges,0.0,0.0
M4 traffic: 14-mile queues after hay bales shed in Cardiff,2020,https://www.bbc.co.uk/news/uk-wales-51589574,Miles Bridges,0.0,0.0
Humber Bridge chief executive steps down from job,2020,https://www.bbc.co.uk/news/uk-england-humber-50319020,Miles Bridges,-0.1555555555555555,0.0
Humber Bridge to get mobile speed cameras,2020,https://www.bbc.co.uk/news/uk-england-humber-50377486,Miles Bridges,0.0,0.0
Glentoran drop points at home to Carrick Rangers,2020,https://www.bbc.co.uk/sport/av/football/51511579,Marcus Morris,0.0,0.0
Dan Dare: Series 2: Prisoners of Space 2/3,2020,https://www.bbc.co.uk/programmes/m000dqky,Marcus Morris,0.0,0.0
Dan Dare: Series 2: Operation Saturn 2/2,2020,https://www.bbc.co.uk/programmes/m000d7fm,Marcus Morris,0.0,0.0
Dan Dare: Series 2: Reign of the Robots 2/2,2020,https://www.bbc.co.uk/programmes/m000cq33,Marcus Morris,0.0,0.0
Dan Dare: Series 2: Prisoners of Space 1/3,2020,https://www.bbc.co.uk/programmes/m000dgm9,Marcus Morris,0.0,0.0
Dan Dare: Series 2: Reign of the Robots 1/2,2020,https://www.bbc.co.uk/programmes/m000cll5,Marcus Morris,0.0,0.0
Dan Dare: Series 2: Operation Saturn 1/2,2020,https://www.bbc.co.uk/programmes/m000cz85,Marcus Morris,0.0,0.0
BBL Cup final: Worcester Wolves 67-59 Bristol Flyers,2020,https://www.bbc.co.uk/sport/basketball/51258390,Marcus Morris,0.0281208664021163,0.030001803411473817
We follow Harlequins as they try and win the league during a season of rugby scandal,2020,https://www.bbc.co.uk/news/newsbeat-51469178,Marcus Morris,0.8,0.0
Portsmouth 3-1 Milton Keynes Dons,2020,https://www.bbc.co.uk/sport/football/51532963,Marcus Morris,0.1358906525573192,0.060419307202102854
Bristol exhibit reveals 'empowering' slave trade stories,2020,https://www.bbc.co.uk/news/uk-england-bristol-50139501,Marcus Morris,0.0,0.0
Kawhi Leonard: LA Clippers star enjoys victorious return to Toronto Raptors,2020,https://www.bbc.co.uk/sport/basketball/50755293,Marcus Morris,0.0881313131313131,0.0409522197629384
Premiership: Harlequins 41-14 Saracens - Quins thump relegated Sarries,2020,https://www.bbc.co.uk/sport/rugby-union/51192310,Marcus Morris,0.0,0.03534682472641674
Irish Cup: Two off as Glens edge holders Crusaders in quarter-final,2020,https://www.bbc.co.uk/sport/football/51678412,Marcus Morris,0.0679951690821255,0.020586722241918945
Premiership: Harlequins 22-17 Bristol Bears,2020,https://www.bbc.co.uk/sport/rugby-union/50124503,Marcus Morris,0.1359325396825397,0.019689772269954952
Premiership: Bristol Bears beat Harlequins for fifth straight win to go third,2020,https://www.bbc.co.uk/sport/rugby-union/51722103,Marcus Morris,0.3333333333333333,0.025057484922996
Big Bash League: Sydney Sixers to face Melbourne Stars in final threatened by rain,2020,https://www.bbc.co.uk/sport/cricket/51414162,Marcus Morris,0.0,0.014483662151267701
Premiership Rugby Cup: Seven-try Harlequins win 49-22 at Exeter to reach final,2020,https://www.bbc.co.uk/sport/rugby-union/51266239,Marcus Morris,0.1095836127878381,0.01936171447469192
Premiership: Harlequins beat Exeter 34-30 with injury-time penalty try at The Stoop,2020,https://www.bbc.co.uk/sport/rugby-union/51550154,Marcus Morris,0.1785334346504559,0.0175830472520217
Kobe Bryant: NBA All-Star MVP Award to be named after LA Lakers legend,2020,https://www.bbc.co.uk/sport/basketball/51520480,Al Horford,0.15,0.054343371476464945
World Series 2019: Houston Astros & Washington Nationals set for Fall Classic,2020,https://www.bbc.co.uk/sport/baseball/50122313,Al Horford,0.1344022415940224,0.022187012297421652
"NBA round-up: Kawhi Leonard faces former club Toronto Raptors for first time, Steph Curry back in spring",2020,https://www.bbc.co.uk/sport/basketball/50386091,D'Angelo Russell,0.0293181818181818,0.032262637248003496
"NFL predictions: 49ers at Ravens, Patriots at Texans, Vikings at Seahawks",2020,https://www.bbc.co.uk/sport/american-football/50614235,D'Angelo Russell,-0.0248328523328523,0.03534682472641674
"NBA: LA rivalry, Zion Williamson & China disputes - the big talking points before new season",2020,https://www.bbc.co.uk/sport/basketball/50132656,D'Angelo Russell,0.1554373278236914,0.021569292057400984
Kobe Bryant: Wife Vanessa leads emotional memorial to basketball star and daughter Gianna,2020,https://www.bbc.co.uk/sport/basketball/51622134,D'Angelo Russell,0.2902263374485597,0.014840380128749898
BBL Cup final: Worcester Wolves 67-59 Bristol Flyers,2020,https://www.bbc.co.uk/sport/basketball/51258390,Marcus Smart,0.0281208664021163,0.030001803411473817
Barrow 2-2 Chorley,2020,https://www.bbc.co.uk/sport/football/50469291,Marcus Smart,0.0186696900982615,0.054271945180407344
Portsmouth 2-0 Shrewsbury Town,2020,https://www.bbc.co.uk/sport/football/51423704,Marcus Smart,0.1509726443768997,0.03741998065076986
Premiership: Sale Sharks 48-10 Harlequins,2020,https://www.bbc.co.uk/sport/rugby-union/50824549,Marcus Smart,0.0,0.015387804481463553
Google set to offer banking current accounts,2020,https://www.bbc.co.uk/news/business-50412568,Marcus Smart,0.0,0.0
Researchers: Are we on the cusp of an âAI winterâ?,2020,https://www.bbc.co.uk/news/technology-51064369,Marcus Smart,0.0,0.0
Women's T20 World Cup: Mitchell Starc leaves tour to watch wife Alyssa Healy,2020,https://www.bbc.co.uk/sport/cricket/51765751,Josh Richardson,0.0120833333333333,0.07592813549607051
Jersey Reds: Four forwards agree deals to stay at Championship club until 2021,2020,https://www.bbc.co.uk/sport/rugby-union/51134898,Josh Richardson,0.1594949494949495,0.049560107617926584
PDC World Darts Championships: Michael van Gerwen to play Jelle Klaasen or Kevin Burness in second round,2020,https://www.bbc.co.uk/sport/darts/50551775,Josh Richardson,0.0913265306122449,0.0221567958361461
Korie McGreevy: 'No airs or graces' for Ballynahinch rider who became British champion,2020,https://www.bbc.co.uk/sport/northern-ireland/51103495,Josh Richardson,0.1200963415669297,0.00541500286208386
Eli Manning: New York Giants quarterback announces retirement,2020,https://www.bbc.co.uk/sport/american-football/51213242,Lonzo Ball,0.1476655443322109,0.020665170857130613
BBL Cup final: Worcester Wolves 67-59 Bristol Flyers,2020,https://www.bbc.co.uk/sport/basketball/51258390,Lonzo Ball,0.0281208664021163,0.030001803411473817
"Super Bowl 2020: Who is playing, who are the favourites and where will the game be won?",2020,https://www.bbc.co.uk/sport/american-football/51334679,Lonzo Ball,0.155262467191601,0.022970154392776703
"NBA All-Star Weekend 2020: Slam dunks, emotional tributes and the best players",2020,https://www.bbc.co.uk/sport/basketball/51488762,Lonzo Ball,0.1762665719696969,0.005748067071765949
Kobe Bryant: Life in pictures,2020,https://www.bbc.co.uk/news/in-pictures-51264799,Lonzo Ball,0.0,0.0
"NFL predictions: 49ers at Ravens, Patriots at Texans, Vikings at Seahawks",2020,https://www.bbc.co.uk/sport/american-football/50614235,Lonzo Ball,-0.0248328523328523,0.02353504678164725
Super Bowl 2020: Kansas City Chiefs pull off a sensational comeback to beat San Francisco 49ers,2020,https://www.bbc.co.uk/sport/american-football/51352326,Lonzo Ball,0.1608655705996131,0.015579365706390054
LeBron James calls on MLB to listen to players over Houston Astros sign-stealing,2020,https://www.bbc.co.uk/sport/baseball/51554398,Lonzo Ball,-0.1882457177596066,0.017192836885826023
Zion Williamson: Number one draft pick set makes long-awaited NBA debut,2020,https://www.bbc.co.uk/sport/basketball/51213233,Lonzo Ball,0.2045016408322859,0.014600647325925071
'Take the next shot' - the new message from Kobe Bryant's final game,2020,https://www.bbc.co.uk/sport/basketball/51385296,Lonzo Ball,0.0144758297258297,0.029594962938669596
"Bolt, Messi, Ronaldo, Williams, Hamilton, Murray, Kohli, Biles - icons of the decade",2020,https://www.bbc.co.uk/sport/50878569,Lonzo Ball,0.0,0.0
World Series 2019: Houston Astros & Washington Nationals set for Fall Classic,2020,https://www.bbc.co.uk/sport/baseball/50122313,P.J. Washington,0.1344022415940224,0.05566463314947337
The Washington Nationals win game six to take World Series to a decider,2020,https://www.bbc.co.uk/sport/baseball/50231661,P.J. Washington,0.0179188912938912,0.02825620695174302
Kobe Bryant: Investigators work to determine cause of crash,2020,https://www.bbc.co.uk/news/world-us-canada-51272002,P.J. Washington,0.0,0.0
John Collins: Atlanta Hawks forward given 25-game drugs ban,2020,https://www.bbc.co.uk/sport/basketball/50308719,Deandre Ayton,-0.1368181818181818,0.05743320511092446
Stephen Curry: Golden State Warriors star out for three months after hand surgery,2020,https://www.bbc.co.uk/sport/basketball/50270341,Tristan Thompson,0.05,0.05804797015790816
"NBA: LA rivalry, Zion Williamson & China disputes - the big talking points before new season",2020,https://www.bbc.co.uk/sport/basketball/50132656,Tristan Thompson,0.1554373278236914,0.026977092312169593
NBA: Vince Carter becomes first player to play in four different decades,2020,https://www.bbc.co.uk/sport/basketball/50999401,Kevin Huerter,0.1784090909090909,0.06385802927778764
Stephen Curry: Golden State Warriors star out for three months after hand surgery,2020,https://www.bbc.co.uk/sport/basketball/50270341,Kevin Huerter,0.05,0.05804797015790816
Kobe Bryant: NBA legend's career in numbers,2020,https://www.bbc.co.uk/sport/basketball/51258733,Kevin Huerter,0.1062499999999999,0.027376571996632734
"NBA: LA rivalry, Zion Williamson & China disputes - the big talking points before new season",2020,https://www.bbc.co.uk/sport/basketball/50132656,Kevin Huerter,0.1554373278236914,0.021569292057400984
"NBA All-Star Weekend 2020: Slam dunks, emotional tributes and the best players",2020,https://www.bbc.co.uk/sport/basketball/51488762,Kevin Huerter,0.1762665719696969,0.012837881130463498
Zion Williamson: Number one draft pick set makes long-awaited NBA debut,2020,https://www.bbc.co.uk/sport/basketball/51213233,Kevin Huerter,0.2045016408322859,0.014600647325925071
Fifa eClub World Cup: Meet the virtual Kevin de Bruyne,2020,https://www.bbc.co.uk/sport/football/51415720,Kevin Huerter,0.2185335497835497,0.01340926765134972
Gary Rowett: New Millwall boss sought Neil Harris' advice before taking job,2020,https://www.bbc.co.uk/sport/football/50168894,Gary Harris,0.0554927849927849,0.08604818962657848
Halloween-obsessed couple host spook-tacular wedding,2020,https://www.bbc.co.uk/news/uk-england-derbyshire-50250899,Gary Harris,0.0,0.0
Neil Harris: 'Insight' into Millwall could help Cardiff City,2020,https://www.bbc.co.uk/sport/football/50897236,Gary Harris,0.0934343434343434,0.08444038866636445
Elis James' Feast Of Football: Episode 104: Sore feet & 'Singing after signing',2020,https://www.bbc.co.uk/programmes/p07w8dl7,Gary Harris,0.0,0.0
Jersey Bulls: Manager Gary Freeman hails squad depth after 13th straight win,2020,https://www.bbc.co.uk/sport/football/50287242,Gary Harris,0.2333333333333333,0.019640647309149162
Nora Webster by Colm Toibin: 2. Hope,2020,https://www.bbc.co.uk/programmes/m000bck0,Gary Harris,0.0,0.0
Orlando Bloom to voice Prince Harry in animated series,2020,https://www.bbc.co.uk/news/newsbeat-51203154,Gary Harris,0.0,0.0
Orlando Bloom to voice Prince Harry in animated series,2020,https://www.bbc.co.uk/news/newsbeat-51203154,Gary Harris,0.0,0.0
Kobe Bryant: NBA legend's career in numbers,2020,https://www.bbc.co.uk/sport/basketball/51258733,Gary Harris,0.1062499999999999,0.027376571996632734
Irish League Behaviour: The Defence: Colin Coates & Jim Ervin,2020,https://www.bbc.co.uk/programmes/p083zm8l,Gary Harris,0.0,0.0
Harry Whitlam: Brexit 'holding up drink-drive law change',2020,https://www.bbc.co.uk/news/uk-england-leeds-50304223,Gary Harris,0.0,0.0
Jay Harris: From small halls & working nights to world title shot,2020,https://www.bbc.co.uk/sport/boxing/51463254,Gary Harris,0.1845481049562682,0.0768971144956198
The Pallisers: Episode 4,2020,https://www.bbc.co.uk/programmes/m000fnl5,Gary Harris,0.0,0.0
NBA: Kyrie Irving scores 50 points on debut but Brooklyn Nets lose to Timberwolves,2020,https://www.bbc.co.uk/sport/basketball/50164828,Kyrie Irving,0.3190476190476191,0.04138497160687288
"NBA round-up: Kawhi Leonard faces former club Toronto Raptors for first time, Steph Curry back in spring",2020,https://www.bbc.co.uk/sport/basketball/50386091,D'Angelo Russell,0.0293181818181818,0.032262637248003496
"NFL predictions: 49ers at Ravens, Patriots at Texans, Vikings at Seahawks",2020,https://www.bbc.co.uk/sport/american-football/50614235,D'Angelo Russell,-0.0248328523328523,0.03534682472641674
"NBA: LA rivalry, Zion Williamson & China disputes - the big talking points before new season",2020,https://www.bbc.co.uk/sport/basketball/50132656,D'Angelo Russell,0.1554373278236914,0.021569292057400984
Kobe Bryant: Wife Vanessa leads emotional memorial to basketball star and daughter Gianna,2020,https://www.bbc.co.uk/sport/basketball/51622134,D'Angelo Russell,0.2902263374485597,0.014840380128749898
