time,most_frequent_name,url,textblob_sentiment,sentiment_bert_average_score,sentiment_xlnet_average_score,bert_relevance,relevance_score,frequency
2023,Aaron Gordon,"['https://www.bbc.co.uk/sport/basketball/64023967', 'https://www.bbc.co.uk/sport/football/64931096', 'https://www.bbc.co.uk/programmes/p0f0yx2l', 'https://www.bbc.co.uk/sport/american-football/64623240', 'https://www.bbc.co.uk/sport/football/64938719', 'https://www.bbc.co.uk/sport/american-football/63618573', 'https://www.bbc.co.uk/sport/football/64668544', 'https://www.bbc.co.uk/sport/football/64607067', 'https://www.bbc.co.uk/sport/american-football/63855156', 'https://www.bbc.co.uk/sport/american-football/63452643', 'https://www.bbc.co.uk/sport/american-football/64929406', 'https://www.bbc.co.uk/sport/basketball/63511616', 'https://www.bbc.co.uk/sport/american-football/64233581', 'https://www.bbc.co.uk/sport/football/63569441', 'https://www.bbc.co.uk/sport/football/63664995', 'https://www.bbc.co.uk/sport/football/64685477', 'https://www.bbc.co.uk/sport/basketball/64093917', 'https://www.bbc.co.uk/sport/american-football/63369025', 'https://www.bbc.co.uk/sport/american-football/63538136', 'https://www.bbc.co.uk/sport/football/64856307', 'https://www.bbc.co.uk/sport/american-football/63777983', 'https://www.bbc.co.uk/sport/64253569']",0.10782587856977481,0.5807682101598769,0.5696416066156337,0.5922839045524597,0.008040366361040928,22
2023,Al Horford,"['https://www.bbc.co.uk/sport/american-football/63452643', 'https://www.bbc.co.uk/newsround/64553059']",0.09024333137197214,0.5607024729251862,0.602441946665446,0.5880286693572998,0.0017583224714823,2
2023,Andrew Wiggins,"['https://www.bbc.co.uk/sport/basketball/64769116', 'https://www.bbc.co.uk/sport/basketball/63713182', 'https://www.bbc.co.uk/sport/basketball/63686873', 'https://www.bbc.co.uk/sport/basketball/63525097', 'https://www.bbc.co.uk/sport/basketball/63553732', 'https://www.bbc.co.uk/sport/basketball/64010284', 'https://www.bbc.co.uk/sport/basketball/63310729', 'https://www.bbc.co.uk/sport/american-football/63369025']",0.14136750336255463,0.5970141245495705,0.5806870786029668,0.5879976749420166,0.010641709061011138,8
2023,Anfernee Simons,"['https://www.bbc.co.uk/sport/basketball/64370555', 'https://www.bbc.co.uk/sport/basketball/64150547']",0.10977777777777775,0.5579828321933746,0.5697886546452839,0.5930483341217041,0.01386694518585015,2
2023,Anthony Davis,"['https://www.bbc.co.uk/sport/av/basketball/63858982', 'https://www.bbc.co.uk/sport/basketball/63453775', 'https://www.bbc.co.uk/news/uk-wales-64956264', 'https://www.bbc.co.uk/sport/basketball/64701884', 'https://www.bbc.co.uk/sport/basketball/63341374', 'https://www.bbc.co.uk/programmes/m001js30', 'https://www.bbc.co.uk/news/uk-wales-64950915', 'https://www.bbc.co.uk/programmes/m001hvbr', 'https://www.bbc.co.uk/sport/boxing/64928977', 'https://www.bbc.co.uk/sport/basketball/64974061', 'https://www.bbc.co.uk/sport/basketball/64961517', 'https://www.bbc.co.uk/sport/wales/64146578', 'https://www.bbc.co.uk/sport/av/basketball/63456003', 'https://www.bbc.com/sport/articles/c3g37ez3k30o', 'https://www.bbc.co.uk/programmes/p0f24k0d', 'https://www.bbc.co.uk/sport/basketball/64615897', 'https://www.bbc.co.uk/sport/football/63614785', 'https://www.bbc.co.uk/sport/boxing/63668724', 'https://www.bbc.co.uk/news/uk-england-birmingham-64416177', 'https://www.bbc.co.uk/sport/basketball/64450359', 'https://www.bbc.co.uk/sport/rugby-union/63873009', 'https://www.bbc.co.uk/sport/boxing/64296519']",0.10278432644288372,0.592394880431168,0.5700539880403966,0.5877047777175903,0.01621715574657827,22
2023,Anthony Edwards,"['https://www.bbc.co.uk/programmes/m001js30', 'https://www.bbc.com/sport/articles/cle8pll0v08o', 'https://www.bbc.co.uk/programmes/p0dybrwc', 'https://www.bbc.com/sport/articles/c97j08grppvo', 'https://www.bbc.co.uk/sport/basketball/64701884', 'https://www.bbc.com/sport/articles/c72rgy0d10no', 'https://www.bbc.co.uk/programmes/m001h45t', 'https://www.bbc.co.uk/sport/basketball/63341374', 'https://www.bbc.com/sport/articles/c51knxg77xqo', 'https://www.bbc.co.uk/sport/football/63925982', 'https://www.bbc.com/sport/articles/c1rdw3exdl2o', 'https://www.bbc.co.uk/sport/football/64547464', 'https://www.bbc.co.uk/sport/boxing/63557459', 'https://www.bbc.co.uk/news/uk-england-humber-63315581']",0.05618249133613007,0.6021593885407562,0.6101001825006235,0.5901345014572144,0.05452782969612313,14
2023,Bam Adebayo,['https://www.bbc.co.uk/sport/basketball/63954218'],0.1923076923076923,0.5135908424854279,0.5904920101165771,0.5972620844841003,0.00980592516144,1
2023,Bojan Bogdanović,"['https://www.bbc.co.uk/sport/basketball/64608767', 'https://www.bbc.co.uk/sport/basketball/64341200']",0.1380976513751858,0.5777424911657969,0.5759428282578787,0.5915696024894714,0.0018418499684168,2
2023,Bradley Beal,['https://www.bbc.co.uk/sport/football/64142383'],0.1222451790633608,0.5848921040693918,0.5819588502248129,0.5888496041297913,0.0030605963975402,1
2023,Brandon Ingram,"['https://www.bbc.co.uk/sport/basketball/63713182', 'https://www.bbc.co.uk/sport/basketball/63397347', 'https://www.bbc.co.uk/sport/basketball/63370829', 'https://www.bbc.co.uk/sport/basketball/63325545', 'https://www.bbc.co.uk/sport/basketball/63525097']",0.09124512670565296,0.6085908085107803,0.5918628474076589,0.5767854452133179,0.007853327177439839,5
2023,Brook Lopez,"['https://www.bbc.co.uk/sport/basketball/64961517', 'https://www.bbc.co.uk/sport/basketball/64608767', 'https://www.bbc.co.uk/sport/basketball/64948897']",0.1285318598234199,0.5945813159147898,0.5927891631921133,0.5788662433624268,0.013100832934604132,3
2023,CJ McCollum,['https://www.bbc.co.uk/sport/basketball/64114841'],0.1515151515151515,0.601487378279368,0.5408050616582235,0.5878459215164185,0.0127915631234684,1
2023,Cade Cunningham,"['https://www.bbc.co.uk/sport/taekwondo/63368627', 'https://www.bbc.co.uk/sport/rugby-union/63836845', 'https://www.bbc.co.uk/sport/american-football/63538136']",0.09402076134874297,0.5717990034156375,0.5856276618109809,0.5762221813201904,0.006719664937671667,3
2023,Cameron Johnson,"['https://www.bbc.co.uk/news/uk-politics-64911178', 'https://www.bbc.co.uk/sport/basketball/64563131', 'https://www.bbc.co.uk/news/uk-england-beds-bucks-herts-64590795', 'https://www.bbc.co.uk/programmes/m001gq66', 'https://www.bbc.co.uk/news/uk-politics-64880471', 'https://www.bbc.co.uk/sport/football/64272598', 'https://www.bbc.co.uk/news/uk-politics-64296379', 'https://www.bbc.co.uk/sport/football/63764981', 'https://www.bbc.co.uk/programmes/m001d893', 'https://www.bbc.co.uk/sport/football/64022556', 'https://www.bbc.co.uk/sport/football/63926048', 'https://www.bbc.com/sport/articles/c72dq6n7r2qo', 'https://www.bbc.co.uk/sport/golf/63449098']",-0.007802698017285257,0.6170186139695294,0.5897048542757968,0.585019588470459,0.02265510517386537,13
2023,Chris Paul,"['https://www.bbc.co.uk/sport/football/64720424', 'https://www.bbc.co.uk/programmes/m001g8p8', 'https://www.bbc.co.uk/news/entertainment-arts-64781316', 'https://www.bbc.co.uk/programmes/p0djzsjd', 'https://www.bbc.co.uk/programmes/m001g1y5', 'https://www.bbc.co.uk/programmes/p0dmx308', 'https://www.bbc.co.uk/programmes/p0dmwnrp', 'https://www.bbc.co.uk/programmes/p0dmwldg', 'https://www.bbc.co.uk/programmes/p0dm3sh9', 'https://www.bbc.co.uk/programmes/p0dg3mm3', 'https://www.bbc.co.uk/programmes/m001fmrf', 'https://www.bbc.co.uk/programmes/p0dg2xjb', 'https://www.bbc.co.uk/programmes/p0dcbl1d', 'https://www.bbc.co.uk/programmes/p0f87z68', 'https://www.bbc.co.uk/programmes/m001jxyx', 'https://www.bbc.co.uk/programmes/p0f0q3vg', 'https://www.bbc.co.uk/programmes/p0dk1kzw', 'https://www.bbc.co.uk/programmes/p0drlhxn', 'https://www.bbc.co.uk/programmes/p0dstb09', 'https://www.bbc.co.uk/programmes/p0dd81sp', 'https://www.bbc.co.uk/sport/football/63545135', 'https://www.bbc.co.uk/programmes/m001g8ys']",0.010491457769350312,0.6117181491219635,0.6456832924769038,0.5824297070503235,0.06468618202208211,22
2023,D'Angelo Russell,"['https://www.bbc.co.uk/sport/basketball/64593463', 'https://www.bbc.co.uk/sport/basketball/64579610', 'https://www.bbc.co.uk/sport/basketball/64114841', 'https://www.bbc.co.uk/sport/basketball/64722489', 'https://www.bbc.co.uk/sport/basketball/64563131', 'https://www.bbc.co.uk/sport/american-football/64549158', 'https://www.bbc.co.uk/sport/american-football/64233581', 'https://www.bbc.co.uk/sport/american-football/63441203', 'https://www.bbc.co.uk/sport/american-football/63369025', 'https://www.bbc.co.uk/sport/american-football/64022849', 'https://www.bbc.co.uk/sport/american-football/63939620', 'https://www.bbc.co.uk/sport/american-football/63777983', 'https://www.bbc.co.uk/sport/basketball/64593463', 'https://www.bbc.co.uk/sport/basketball/64579610', 'https://www.bbc.co.uk/sport/basketball/64114841', 'https://www.bbc.co.uk/sport/basketball/64722489', 'https://www.bbc.co.uk/sport/basketball/64563131', 'https://www.bbc.co.uk/sport/american-football/64549158', 'https://www.bbc.co.uk/sport/american-football/64233581', 'https://www.bbc.co.uk/sport/american-football/63441203', 'https://www.bbc.co.uk/sport/american-football/63369025', 'https://www.bbc.co.uk/sport/american-football/64022849', 'https://www.bbc.co.uk/sport/american-football/63939620', 'https://www.bbc.co.uk/sport/american-football/63777983']",0.1333677008029684,0.5807876621144087,0.5834344834547103,0.5961951017379761,0.008350248517085742,24
2023,Damian Lillard,"['https://www.bbc.co.uk/sport/basketball/64782882', 'https://www.bbc.co.uk/sport/basketball/64409544', 'https://www.bbc.co.uk/sport/basketball/64494837', 'https://www.bbc.co.uk/sport/basketball/64701884', 'https://www.bbc.co.uk/sport/basketball/64383208', 'https://www.bbc.co.uk/sport/basketball/63370829', 'https://www.bbc.co.uk/sport/basketball/63804650', 'https://www.bbc.co.uk/sport/basketball/63409773', 'https://www.bbc.co.uk/sport/basketball/64808299', 'https://www.bbc.co.uk/sport/basketball/64259791', 'https://www.bbc.co.uk/sport/basketball/63383489']",0.10489309205699904,0.6078596209937875,0.5745378416596038,0.572152316570282,0.00979102888080458,11
2023,Darius Garland,"['https://www.bbc.co.uk/sport/basketball/63620537', 'https://www.bbc.co.uk/sport/basketball/63954218', 'https://www.bbc.co.uk/sport/basketball/63495933']",0.10745393495393492,0.5749907533327738,0.5639913241068523,0.5763570666313171,0.012252914648627168,3
2023,De'Aaron Fox,"['https://www.bbc.co.uk/sport/basketball/64769116', 'https://www.bbc.co.uk/sport/basketball/64160574', 'https://www.bbc.co.uk/sport/american-football/64487463', 'https://www.bbc.co.uk/sport/baseball/64880237']",0.0979454765913099,0.5703309997029248,0.5588946619204113,0.5954745411872864,0.009852735114425875,4
2023,DeMar DeRozan,"['https://www.bbc.co.uk/sport/basketball/63713182', 'https://www.bbc.co.uk/sport/basketball/64114841', 'https://www.bbc.co.uk/sport/basketball/64341200', 'https://www.bbc.co.uk/sport/basketball/64107654', 'https://www.bbc.co.uk/sport/basketball/63383489', 'https://www.bbc.co.uk/sport/basketball/63933734', 'https://www.bbc.co.uk/sport/basketball/64329346']",0.16797500689434589,0.5971459466077034,0.5597137435561135,0.5970617532730103,0.006712791303603528,7
2023,Deandre Ayton,"['https://www.bbc.co.uk/sport/basketball/64593463', 'https://www.bbc.co.uk/sport/basketball/63818629', 'https://www.bbc.co.uk/sport/basketball/63397347']",0.19124956272683544,0.5799142109023201,0.5558537509706286,0.5947425961494446,0.014587365614850667,3
2023,Dejounte Murray,"['https://www.bbc.co.uk/sport/american-football/63618573', 'https://www.bbc.co.uk/sport/american-football/63939620']",0.1690125880092743,0.5898863304820325,0.582337057010995,0.5495321154594421,0.006420073927867949,2
2023,Dennis Schröder,"['https://www.bbc.co.uk/sport/basketball/64357720', 'https://www.bbc.co.uk/sport/basketball/64615897', 'https://www.bbc.co.uk/sport/basketball/64172182']",0.06340603151927604,0.6084165175755819,0.5589069955878787,0.5565803050994873,0.007441147440427567,3
2023,Desmond Bane,['https://www.bbc.co.uk/sport/basketball/63383489'],0.2637310606060606,0.5798526207605997,0.5645423928896586,0.5514346957206726,0.0135044907831952,1
2023,Devin Booker,"['https://www.bbc.co.uk/sport/basketball/64820742', 'https://www.bbc.co.uk/sport/basketball/64593463', 'https://www.bbc.co.uk/sport/basketball/63397347', 'https://www.bbc.co.uk/sport/basketball/64846501', 'https://www.bbc.co.uk/sport/basketball/63818629', 'https://www.bbc.co.uk/sport/basketball/63370829']",0.1584025899745596,0.5792297507325808,0.5799803054995006,0.5893710851669312,0.013668562877782614,6
2023,Devin Vassell,"['https://www.bbc.co.uk/sport/mixed-martial-arts/64924283', 'https://www.bbc.co.uk/sport/av/mixed-martial-arts/64924373', 'https://www.bbc.co.uk/sport/av/mixed-martial-arts/64924371', 'https://www.bbc.co.uk/sport/mixed-martial-arts/64901767', 'https://www.bbc.co.uk/sport/boxing/64891365', 'https://www.bbc.co.uk/sport/basketball/64820742', 'https://www.bbc.co.uk/sport/mixed-martial-arts/64363294', 'https://www.bbc.co.uk/sport/basketball/64593463']",0.13877874138095037,0.5783788170665503,0.6153475521753231,0.5902798175811768,0.027562155637294125,8
2023,Dillon Brooks,"['https://www.bbc.co.uk/sport/basketball/64885558', 'https://www.bbc.co.uk/sport/basketball/64912266', 'https://www.bbc.co.uk/sport/american-football/64022849']",0.1188345521803792,0.5825120403810783,0.5474433148348773,0.5807012319564819,0.012921954132800832,3
2023,Domantas Sabonis,"['https://www.bbc.co.uk/sport/basketball/64615897', 'https://www.bbc.co.uk/sport/basketball/64273731']",0.11183281680440765,0.5857312232255936,0.5821737945079803,0.5986400246620178,0.0189646759096926,2
2023,Donovan Mitchell,"['https://www.bbc.co.uk/sport/av/basketball/64154551', 'https://www.bbc.co.uk/sport/basketball/64150547', 'https://www.bbc.co.uk/sport/basketball/63954218', 'https://www.bbc.co.uk/sport/basketball/64782882', 'https://www.bbc.co.uk/sport/basketball/64259791', 'https://www.bbc.co.uk/sport/basketball/63495933']",0.08718848786949142,0.5954226589865154,0.617783878246943,0.5900824069976807,0.06483084019267107,6
2023,Dorian Finney-Smith,['https://www.bbc.co.uk/sport/basketball/64551113'],0.1579545454545454,0.5882450739542643,0.5788003404935201,0.6063346862792969,0.0058144716120049,1
2023,Draymond Green,"['https://www.bbc.co.uk/sport/basketball/64912266', 'https://www.bbc.co.uk/sport/basketball/64769116', 'https://www.bbc.co.uk/sport/basketball/63713182', 'https://www.bbc.co.uk/sport/basketball/63686873', 'https://www.bbc.co.uk/sport/basketball/63287260', 'https://www.bbc.co.uk/sport/american-football/64929406', 'https://www.bbc.co.uk/sport/american-football/63618573', 'https://www.bbc.co.uk/sport/basketball/63933734', 'https://www.bbc.co.uk/sport/basketball/63397347', 'https://www.bbc.co.uk/sport/basketball/63525097', 'https://www.bbc.co.uk/sport/basketball/64010284', 'https://www.bbc.co.uk/sport/american-football/63855156', 'https://www.bbc.co.uk/sport/american-football/63452643', 'https://www.bbc.co.uk/sport/american-football/64233581', 'https://www.bbc.co.uk/sport/basketball/63310729', 'https://www.bbc.co.uk/sport/american-football/63538136', 'https://www.bbc.co.uk/sport/american-football/64022849', 'https://www.bbc.co.uk/sport/american-football/63369025', 'https://www.bbc.co.uk/sport/american-football/63777983', 'https://www.bbc.co.uk/sport/american-football/63441203']",0.1214706431010105,0.5886602430842268,0.5718875236449088,0.5671647787094116,0.009810789681334564,20
2023,Eric Gordon,"['https://www.bbc.co.uk/programmes/p0d5gj4t', 'https://www.bbc.co.uk/sport/basketball/64023967', 'https://www.bbc.co.uk/sport/american-football/63618573', 'https://www.bbc.co.uk/sport/rugby-union/64652696']",0.07878802711032677,0.6340563750515381,0.5921251308172941,0.587763786315918,0.006010027632009526,4
2023,Franz Wagner,"['https://www.bbc.co.uk/sport/basketball/64124245', 'https://www.bbc.co.uk/programmes/m001d6b8', 'https://www.bbc.co.uk/programmes/m001j4rs', 'https://www.bbc.co.uk/programmes/m001gtqq', 'https://www.bbc.co.uk/programmes/m001jlcz', 'https://www.bbc.co.uk/programmes/m001fnvz', 'https://www.bbc.co.uk/programmes/m001hg44']",0.0147843228200371,0.6394818907692318,0.6400232087998164,0.5651235580444336,0.06331621386880912,7
2023,Fred VanVleet,"['https://www.bbc.co.uk/sport/basketball/64961517', 'https://www.bbc.co.uk/sport/basketball/64010284']",0.21838485789572748,0.590592657526334,0.5712160741289456,0.6062498092651367,0.013630732062147601,2
2023,Giannis Antetokounmpo,"['https://www.bbc.co.uk/sport/av/basketball/64953301', 'https://www.bbc.co.uk/sport/basketball/64948897', 'https://www.bbc.co.uk/sport/basketball/64608767', 'https://www.bbc.co.uk/sport/basketball/64160574', 'https://www.bbc.co.uk/sport/basketball/63968476', 'https://www.bbc.co.uk/sport/basketball/63363379', 'https://www.bbc.co.uk/sport/basketball/64961517', 'https://www.bbc.co.uk/sport/basketball/63437077', 'https://www.bbc.co.uk/sport/basketball/64722489', 'https://www.bbc.co.uk/sport/basketball/64701884', 'https://www.bbc.co.uk/sport/basketball/64820742', 'https://www.bbc.co.uk/sport/basketball/63341374', 'https://www.bbc.co.uk/sport/basketball/63409773', 'https://www.bbc.co.uk/sport/basketball/64383208', 'https://www.bbc.co.uk/sport/basketball/64769116', 'https://www.bbc.co.uk/sport/basketball/64808299', 'https://www.bbc.co.uk/sport/basketball/64481152', 'https://www.bbc.co.uk/sport/basketball/64409544', 'https://www.bbc.co.uk/sport/basketball/63713182', 'https://www.bbc.co.uk/sport/basketball/63525097', 'https://www.bbc.co.uk/sport/basketball/63844768', 'https://www.bbc.co.uk/sport/basketball/64885558', 'https://www.bbc.co.uk/sport/basketball/64259791', 'https://www.bbc.co.uk/sport/basketball/64114841', 'https://www.bbc.co.uk/sport/basketball/63899643', 'https://www.bbc.co.uk/sport/basketball/64093917', 'https://www.bbc.co.uk/sport/basketball/63553732', 'https://www.bbc.co.uk/sport/basketball/63495933', 'https://www.bbc.co.uk/sport/basketball/64329346']",0.1511246958443137,0.5856197835898947,0.5833562986432821,0.5941260457038879,0.025102538122885744,29
2023,Gordon Hayward,['https://www.bbc.co.uk/sport/basketball/64023967'],0.2039848484848485,0.6203727126121521,0.6211857994397482,0.588409960269928,0.0068836369420054,1
2023,Harrison Barnes,"['https://www.bbc.co.uk/sport/rugby-union/63682014', 'https://www.bbc.co.uk/sport/american-football/64613767', 'https://www.bbc.co.uk/news/uk-england-york-north-yorkshire-64602578', 'https://www.bbc.co.uk/programmes/m001fwhh', 'https://www.bbc.co.uk/sport/rugby-union/63384555']",0.10733677367605939,0.5629069045186043,0.620891147851944,0.5879122018814087,0.00747869257894902,5
2023,Ja Morant,"['https://www.bbc.co.uk/sport/basketball/64969884', 'https://www.bbc.co.uk/sport/basketball/64872283', 'https://www.bbc.co.uk/sport/basketball/64885558', 'https://www.bbc.co.uk/sport/basketball/64851375', 'https://www.bbc.co.uk/sport/basketball/63355733', 'https://www.bbc.co.uk/programmes/m001f3l6', 'https://www.bbc.co.uk/sport/basketball/64974061', 'https://www.bbc.co.uk/sport/basketball/64912266', 'https://www.bbc.co.uk/sport/basketball/64808299', 'https://www.bbc.co.uk/sport/basketball/64124245', 'https://www.bbc.co.uk/sport/basketball/63383489', 'https://www.bbc.co.uk/sport/basketball/64093917']",0.11094604628091898,0.5718178856703969,0.5921254182855288,0.5903226733207703,0.034188887885357004,12
2023,Jabari Smith Jr.,['https://www.bbc.co.uk/sport/basketball/64948897'],0.0838888888888888,0.5218031108379364,0.7161238491535187,0.6149909496307373,0.0230191896872167,1
2023,Jaden McDaniels,['https://www.bbc.co.uk/sport/basketball/64521840'],0.0740530303030303,0.6188185065984726,0.5924585461616516,0.5954214930534363,0.0096756939772389,1
2023,Jalen Brunson,"['https://www.bbc.co.uk/sport/basketball/64615897', 'https://www.bbc.co.uk/newsround/64622575', 'https://www.bbc.co.uk/sport/basketball/64481152', 'https://www.bbc.co.uk/sport/basketball/64273731', 'https://www.bbc.co.uk/sport/american-football/64549158', 'https://www.bbc.co.uk/sport/american-football/64623240', 'https://www.bbc.co.uk/sport/american-football/64396384', 'https://www.bbc.co.uk/sport/american-football/63452643', 'https://www.bbc.co.uk/sport/american-football/63855156', 'https://www.bbc.co.uk/sport/american-football/64362953', 'https://www.bbc.co.uk/sport/american-football/63777983', 'https://www.bbc.co.uk/sport/american-football/64613767', 'https://www.bbc.co.uk/sport/american-football/64233581', 'https://www.bbc.co.uk/sport/american-football/63538136', 'https://www.bbc.co.uk/sport/american-football/64348673', 'https://www.bbc.co.uk/sport/american-football/64022849', 'https://www.bbc.co.uk/sport/american-football/63939620']",0.15192039365335602,0.5853037281558404,0.569189880670569,0.5955166816711426,0.007817191091202522,17
2023,Jalen Green,"['https://www.bbc.co.uk/newsround/64622575', 'https://www.bbc.co.uk/sport/american-football/64549158', 'https://www.bbc.co.uk/sport/basketball/64948897', 'https://www.bbc.co.uk/sport/american-football/64623240', 'https://www.bbc.co.uk/sport/american-football/63855156', 'https://www.bbc.co.uk/sport/american-football/63452643', 'https://www.bbc.co.uk/sport/american-football/64396384', 'https://www.bbc.co.uk/sport/american-football/63777983', 'https://www.bbc.co.uk/sport/american-football/64362953', 'https://www.bbc.co.uk/sport/american-football/64233581', 'https://www.bbc.co.uk/sport/basketball/64383208', 'https://www.bbc.co.uk/sport/american-football/64929406', 'https://www.bbc.co.uk/sport/american-football/63618573', 'https://www.bbc.co.uk/sport/american-football/64613767', 'https://www.bbc.co.uk/sport/american-football/64142434', 'https://www.bbc.co.uk/sport/american-football/63538136', 'https://www.bbc.co.uk/sport/american-football/64022849', 'https://www.bbc.co.uk/sport/american-football/64207466', 'https://www.bbc.co.uk/sport/american-football/64234312', 'https://www.bbc.co.uk/sport/basketball/63287260', 'https://www.bbc.co.uk/sport/american-football/64348673', 'https://www.bbc.co.uk/sport/american-football/63939620', 'https://www.bbc.co.uk/sport/american-football/63369025', 'https://www.bbc.co.uk/sport/american-football/63441203']",0.1446488284442787,0.5765761889184916,0.5739228864035113,0.584380567073822,0.007804373189735787,24
2023,Jamal Murray,"['https://www.bbc.co.uk/sport/basketball/64481152', 'https://www.bbc.co.uk/news/uk-scotland-63819000', 'https://www.bbc.co.uk/sport/basketball/63511616', 'https://www.bbc.co.uk/sport/american-football/63618573', 'https://www.bbc.co.uk/sport/basketball/64093917', 'https://www.bbc.co.uk/sport/american-football/63939620']",0.13750409004844,0.5470541287903433,0.5819835397932265,0.5922932624816895,0.010307878233417667,6
2023,James Harden,"['https://www.bbc.co.uk/sport/basketball/63341374', 'https://www.bbc.co.uk/sport/basketball/64593463', 'https://www.bbc.co.uk/sport/basketball/64563131', 'https://www.bbc.co.uk/sport/basketball/64722489', 'https://www.bbc.co.uk/newsround/64553059', 'https://www.bbc.co.uk/sport/basketball/64820742', 'https://www.bbc.co.uk/sport/basketball/63287260', 'https://www.bbc.co.uk/sport/basketball/64701884', 'https://www.bbc.co.uk/sport/basketball/64521840', 'https://www.bbc.co.uk/sport/mixed-martial-arts/64363294', 'https://www.bbc.co.uk/sport/basketball/64010284', 'https://www.bbc.co.uk/sport/basketball/64023967', 'https://www.bbc.co.uk/sport/basketball/63383489', 'https://www.bbc.co.uk/sport/basketball/64494837', 'https://www.bbc.co.uk/sport/basketball/64172182', 'https://www.bbc.co.uk/programmes/m001f0tt', 'https://www.bbc.co.uk/sport/basketball/64093917', 'https://www.bbc.co.uk/sport/basketball/64233233', 'https://www.bbc.co.uk/news/uk-64156965']",0.13504971292538293,0.5752378099456033,0.5772444571455184,0.5938434600830078,0.0207095534461347,19
2023,Jarrett Allen,"['https://www.bbc.co.uk/sport/american-football/63452643', 'https://www.bbc.co.uk/sport/american-football/63618573', 'https://www.bbc.co.uk/programmes/p0f1ly5z', 'https://www.bbc.co.uk/programmes/m001hpgm', 'https://www.bbc.co.uk/sport/american-football/64623240', 'https://www.bbc.co.uk/sport/american-football/64233581', 'https://www.bbc.co.uk/sport/american-football/63538136']",0.1528338695853003,0.6097304433025151,0.5730694161542568,0.5885380506515503,0.006596014088830772,7
2023,Jaylen Brown,"['https://www.bbc.co.uk/sport/63396820', 'https://www.bbc.co.uk/sport/basketball/64701884', 'https://www.bbc.co.uk/sport/basketball/64833608', 'https://www.bbc.co.uk/sport/basketball/64722489', 'https://www.bbc.co.uk/sport/basketball/64948897', 'https://www.bbc.co.uk/sport/basketball/64608767', 'https://www.bbc.co.uk/sport/basketball/64846501', 'https://www.bbc.co.uk/sport/basketball/64494837', 'https://www.bbc.co.uk/sport/basketball/63713182', 'https://www.bbc.co.uk/sport/basketball/63686873', 'https://www.bbc.co.uk/sport/basketball/63818629', 'https://www.bbc.co.uk/sport/basketball/64124245', 'https://www.bbc.co.uk/sport/basketball/63899643', 'https://www.bbc.co.uk/sport/american-football/63452643', 'https://www.bbc.co.uk/sport/american-football/64623240', 'https://www.bbc.co.uk/sport/basketball/63453775', 'https://www.bbc.co.uk/sport/american-football/63855156', 'https://www.bbc.co.uk/sport/american-football/63618573', 'https://www.bbc.co.uk/sport/american-football/64613767', 'https://www.bbc.co.uk/sport/basketball/63310729', 'https://www.bbc.co.uk/sport/american-football/64396384', 'https://www.bbc.co.uk/news/business-63387607', 'https://www.bbc.co.uk/sport/american-football/63538136', 'https://www.bbc.co.uk/sport/american-football/63369025', 'https://www.bbc.co.uk/sport/american-football/63777983', 'https://www.bbc.co.uk/sport/american-football/63939620']",0.13605922801247655,0.5810723842673177,0.5781365296670369,0.5897672176361084,0.010549079527054188,26
2023,Jayson Tatum,"['https://www.bbc.co.uk/sport/basketball/64701884', 'https://www.bbc.co.uk/sport/basketball/63614776', 'https://www.bbc.co.uk/sport/basketball/64820742', 'https://www.bbc.co.uk/sport/basketball/64833608', 'https://www.bbc.co.uk/sport/basketball/64722489', 'https://www.bbc.co.uk/sport/basketball/64443930', 'https://www.bbc.co.uk/sport/basketball/64930824', 'https://www.bbc.co.uk/sport/basketball/64450359', 'https://www.bbc.co.uk/sport/basketball/64301044', 'https://www.bbc.co.uk/sport/basketball/64608767', 'https://www.bbc.co.uk/sport/basketball/64494837', 'https://www.bbc.co.uk/sport/basketball/63713182', 'https://www.bbc.co.uk/sport/basketball/63686873', 'https://www.bbc.co.uk/sport/basketball/63818629', 'https://www.bbc.co.uk/sport/basketball/63363379', 'https://www.bbc.co.uk/sport/basketball/63968476', 'https://www.bbc.co.uk/sport/basketball/64124245', 'https://www.bbc.co.uk/sport/basketball/63899643', 'https://www.bbc.co.uk/sport/basketball/63383489', 'https://www.bbc.co.uk/sport/basketball/63933734', 'https://www.bbc.co.uk/sport/basketball/64093917', 'https://www.bbc.co.uk/sport/basketball/64341200', 'https://www.bbc.co.uk/sport/basketball/63310729', 'https://www.bbc.co.uk/sport/africa/62999478']",0.14281326920738072,0.5787664068655834,0.5875010221782658,0.5933892130851746,0.012837534266785277,24
2023,Jerami Grant,"['https://www.bbc.co.uk/sport/basketball/64150547', 'https://www.bbc.co.uk/sport/basketball/63370829', 'https://www.bbc.co.uk/sport/basketball/63525097']",0.09104637646304307,0.5878143906593323,0.5650813844468859,0.5855540633201599,0.007677284037592633,3
2023,Jimmy Butler,"['https://www.bbc.co.uk/sport/basketball/64233233', 'https://www.bbc.co.uk/sport/basketball/63844768', 'https://www.bbc.co.uk/sport/basketball/63954218', 'https://www.bbc.co.uk/news/entertainment-arts-64857431', 'https://www.bbc.co.uk/sport/american-football/63855156', 'https://www.bbc.co.uk/sport/american-football/64233581', 'https://www.bbc.co.uk/sport/american-football/64396384', 'https://www.bbc.co.uk/sport/american-football/64348673', 'https://www.bbc.co.uk/news/entertainment-arts-64371559', 'https://www.bbc.co.uk/sport/rugby-league/63464967']",0.22655708911613712,0.5664201114439603,0.5922234599412691,0.5525951981544495,0.00943475899216115,10
2023,Joel Embiid,"['https://www.bbc.co.uk/sport/basketball/64974061', 'https://www.bbc.co.uk/sport/basketball/63620537', 'https://www.bbc.co.uk/sport/av/africa/63344674', 'https://www.bbc.co.uk/sport/africa/63159188', 'https://www.bbc.co.uk/sport/basketball/64833608', 'https://www.bbc.co.uk/sport/basketball/64722489', 'https://www.bbc.co.uk/sport/basketball/64443930', 'https://www.bbc.co.uk/sport/basketball/64233233', 'https://www.bbc.co.uk/sport/basketball/64494837', 'https://www.bbc.co.uk/sport/basketball/64010284', 'https://www.bbc.co.uk/sport/boxing/64891365', 'https://www.bbc.co.uk/sport/basketball/63383489', 'https://www.bbc.co.uk/sport/basketball/64521840', 'https://www.bbc.co.uk/sport/basketball/64093917', 'https://www.bbc.co.uk/sport/basketball/63310729']",0.141207384151059,0.5850756784753195,0.5819083714769,0.586938202381134,0.03453552250167436,15
2023,John Collins,"['https://www.bbc.co.uk/programmes/m001ghnm', 'https://www.bbc.co.uk/programmes/p0dyfrbm', 'https://www.bbc.co.uk/programmes/p0dt0c35', 'https://www.bbc.co.uk/programmes/m001j3v2']",-0.019230769230769225,0.6163313686847687,0.6357856243848801,0.58014976978302,0.11023378684550206,4
2023,Jordan Clarkson,"['https://www.bbc.co.uk/sport/basketball/63952245', 'https://www.bbc.co.uk/sport/rugby-union/64673013', 'https://www.bbc.co.uk/sport/basketball/64563131', 'https://www.bbc.com/sport/articles/c6pdzgld1ezo', 'https://www.bbc.com/sport/articles/cd185vyzg1vo', 'https://www.bbc.co.uk/sport/basketball/64023967', 'https://www.bbc.co.uk/sport/basketball/64833608', 'https://www.bbc.co.uk/sport/rugby-union/64692848', 'https://www.bbc.co.uk/newsround/64553059', 'https://www.bbc.co.uk/sport/basketball/63287260', 'https://www.bbc.co.uk/sport/american-football/64929406', 'https://www.bbc.co.uk/sport/rugby-union/63764336', 'https://www.bbc.co.uk/sport/american-football/63777983']",0.10459107490091352,0.588849349443491,0.575804440584871,0.5807082056999207,0.009692569892048808,13
2023,Jordan Poole,"['https://www.bbc.co.uk/sport/basketball/63952245', 'https://www.bbc.co.uk/sport/basketball/64023967', 'https://www.bbc.co.uk/sport/basketball/64833608', 'https://www.bbc.co.uk/sport/basketball/64563131', 'https://www.bbc.co.uk/sport/football/64686124', 'https://www.bbc.co.uk/programmes/p0dgbdr9', 'https://www.bbc.co.uk/sport/rugby-union/64348852', 'https://www.bbc.co.uk/sport/basketball/63287260', 'https://www.bbc.co.uk/newsround/64553059', 'https://www.bbc.co.uk/sport/basketball/64273731', 'https://www.bbc.co.uk/sport/disability-sport/64859720', 'https://www.bbc.co.uk/sport/basketball/64615897', 'https://www.bbc.co.uk/news/world-middle-east-64255250', 'https://www.bbc.co.uk/news/uk-england-lancashire-64720510', 'https://www.bbc.co.uk/sport/basketball/64409544', 'https://www.bbc.co.uk/sport/football/63523621', 'https://www.bbc.co.uk/sport/basketball/63899643', 'https://www.bbc.co.uk/sport/football/63461228', 'https://www.bbc.co.uk/sport/rugby-union/64332757', 'https://www.bbc.co.uk/sport/american-football/64929406', 'https://www.bbc.co.uk/sport/football/63761236', 'https://www.bbc.co.uk/sport/rugby-union/64523171', 'https://www.bbc.com/sport/articles/c4n91d29z42o', 'https://www.bbc.co.uk/sport/rugby-union/64351756', 'https://www.bbc.co.uk/sport/rugby-union/64264861', 'https://www.bbc.co.uk/sport/rugby-union/64249110', 'https://www.bbc.co.uk/news/uk-england-lancashire-64216216', 'https://www.bbc.co.uk/sport/baseball/64880237', 'https://www.bbc.co.uk/sport/basketball/64093917']",0.07526670866832302,0.5750778660069189,0.5745998730996169,0.5905459523200989,0.01900214065360126,29
2023,Josh Giddey,"['https://www.bbc.co.uk/sport/american-football/63452643', 'https://www.bbc.co.uk/sport/american-football/63618573', 'https://www.bbc.co.uk/sport/american-football/64623240', 'https://www.bbc.co.uk/sport/american-football/63538136', 'https://www.bbc.co.uk/sport/american-football/63777983']",0.1458125390597393,0.5831393626994557,0.5763893253935708,0.5999681353569031,0.0061487699768,5
2023,Josh Hart,"['https://www.bbc.co.uk/sport/american-football/63452643', 'https://www.bbc.co.uk/sport/rugby-league/63405739', 'https://www.bbc.co.uk/sport/football/63708698', 'https://www.bbc.com/sport/articles/cq5gx1x4yd3o', 'https://www.bbc.co.uk/sport/american-football/63618573', 'https://www.bbc.co.uk/sport/football/64845558', 'https://www.bbc.co.uk/sport/american-football/64623240', 'https://www.bbc.co.uk/sport/football/64713121', 'https://www.bbc.co.uk/sport/american-football/63538136', 'https://www.bbc.co.uk/sport/football/64799698', 'https://www.bbc.co.uk/sport/football/63267090', 'https://www.bbc.co.uk/news/science-environment-64190848', 'https://www.bbc.co.uk/sport/gymnastics/64370363', 'https://www.bbc.co.uk/sport/american-football/63777983', 'https://www.bbc.co.uk/sport/american-football/63452643', 'https://www.bbc.co.uk/sport/rugby-league/63405739', 'https://www.bbc.co.uk/sport/football/63708698', 'https://www.bbc.com/sport/articles/cq5gx1x4yd3o', 'https://www.bbc.co.uk/sport/american-football/63618573', 'https://www.bbc.co.uk/sport/football/64845558', 'https://www.bbc.co.uk/sport/american-football/64623240', 'https://www.bbc.co.uk/sport/football/64713121', 'https://www.bbc.co.uk/sport/american-football/63538136', 'https://www.bbc.co.uk/sport/football/64799698', 'https://www.bbc.co.uk/sport/football/63267090', 'https://www.bbc.co.uk/news/science-environment-64190848', 'https://www.bbc.co.uk/sport/gymnastics/64370363', 'https://www.bbc.co.uk/sport/american-football/63777983']",0.10493960359395961,0.5787045044195152,0.5876500254695446,0.6016268134117126,0.006358667944787256,28
2023,Jrue Holiday,"['https://www.bbc.co.uk/sport/basketball/64722489', 'https://www.bbc.co.uk/sport/basketball/64769116', 'https://www.bbc.co.uk/sport/basketball/63844768', 'https://www.bbc.co.uk/sport/basketball/63899643', 'https://www.bbc.co.uk/news/world-africa-64903233']",0.08503130234186107,0.5838855524857839,0.5913897236188252,0.5427029728889465,0.00992107196883862,5
2023,Julius Randle,"['https://www.bbc.co.uk/sport/basketball/64615897', 'https://www.bbc.co.uk/sport/basketball/64846501', 'https://www.bbc.co.uk/sport/basketball/63804650']",0.1009486094713367,0.5988305608431498,0.5662409530745612,0.590496301651001,0.015156105451307,3
2023,Karl-Anthony Towns,['https://www.bbc.co.uk/sport/basketball/64563131'],0.1825086125086125,0.5928461389108137,0.5753038796511564,0.6119874119758606,0.008391127522778,1
2023,Kawhi Leonard,"['https://www.bbc.co.uk/sport/basketball/63341374', 'https://www.bbc.co.uk/sport/basketball/64769116', 'https://www.bbc.co.uk/sport/basketball/63287260']",0.16139730639730637,0.5639322012189835,0.5694005366355653,0.5972840189933777,0.01955737868573763,3
2023,Keldon Johnson,"['https://www.bbc.co.uk/sport/basketball/63954218', 'https://www.bbc.co.uk/sport/basketball/64808299', 'https://www.bbc.co.uk/sport/basketball/64124245', 'https://www.bbc.co.uk/sport/basketball/64563131', 'https://www.bbc.co.uk/sport/basketball/64593463', 'https://www.bbc.co.uk/sport/american-football/64929406']",0.15444783803769865,0.5908153362582944,0.5608280721680943,0.5840588212013245,0.0124169403292034,6
2023,Kelly Oubre Jr.,['https://www.bbc.co.uk/sport/basketball/63532635'],0.089537037037037,0.5870405236879984,0.5896676580111185,0.6057872176170349,0.0164801289905115,1
2023,Kevin Durant,"['https://www.bbc.co.uk/sport/basketball/64912266', 'https://www.bbc.co.uk/sport/basketball/64820742', 'https://www.bbc.co.uk/sport/basketball/64593463', 'https://www.bbc.co.uk/sport/basketball/63532635', 'https://www.bbc.co.uk/sport/basketball/63482350', 'https://www.bbc.co.uk/sport/basketball/63383489', 'https://www.bbc.co.uk/sport/basketball/63580568', 'https://www.bbc.co.uk/sport/basketball/64846501', 'https://www.bbc.co.uk/sport/basketball/63355733', 'https://www.bbc.co.uk/sport/basketball/63287260', 'https://www.bbc.co.uk/sport/basketball/64023967', 'https://www.bbc.co.uk/sport/basketball/64833608', 'https://www.bbc.co.uk/sport/basketball/64722489', 'https://www.bbc.co.uk/sport/basketball/64579610', 'https://www.bbc.co.uk/sport/basketball/64563131', 'https://www.bbc.co.uk/sport/basketball/64930824', 'https://www.bbc.co.uk/sport/basketball/64357720', 'https://www.bbc.co.uk/sport/basketball/64114841', 'https://www.bbc.co.uk/sport/basketball/63954218', 'https://www.bbc.co.uk/sport/basketball/64494837', 'https://www.bbc.co.uk/sport/basketball/64010284', 'https://www.bbc.co.uk/sport/basketball/63818629', 'https://www.bbc.co.uk/sport/basketball/63467880', 'https://www.bbc.co.uk/sport/basketball/64808299', 'https://www.bbc.co.uk/sport/basketball/63699344', 'https://www.bbc.co.uk/sport/basketball/64259791', 'https://www.bbc.co.uk/sport/basketball/63899643', 'https://www.bbc.co.uk/sport/basketball/64107654', 'https://www.bbc.co.uk/sport/basketball/64695886', 'https://www.bbc.co.uk/sport/basketball/63933734', 'https://www.bbc.co.uk/sport/basketball/63325545', 'https://www.bbc.co.uk/sport/basketball/63525097', 'https://www.bbc.co.uk/sport/basketball/64912266', 'https://www.bbc.co.uk/sport/basketball/64820742', 'https://www.bbc.co.uk/sport/basketball/64593463', 'https://www.bbc.co.uk/sport/basketball/63532635', 'https://www.bbc.co.uk/sport/basketball/63482350', 'https://www.bbc.co.uk/sport/basketball/63383489', 'https://www.bbc.co.uk/sport/basketball/63580568', 'https://www.bbc.co.uk/sport/basketball/64846501', 'https://www.bbc.co.uk/sport/basketball/63355733', 'https://www.bbc.co.uk/sport/basketball/63287260', 'https://www.bbc.co.uk/sport/basketball/64023967', 'https://www.bbc.co.uk/sport/basketball/64833608', 'https://www.bbc.co.uk/sport/basketball/64722489', 'https://www.bbc.co.uk/sport/basketball/64579610', 'https://www.bbc.co.uk/sport/basketball/64563131', 'https://www.bbc.co.uk/sport/basketball/64930824', 'https://www.bbc.co.uk/sport/basketball/64357720', 'https://www.bbc.co.uk/sport/basketball/64114841', 'https://www.bbc.co.uk/sport/basketball/63954218', 'https://www.bbc.co.uk/sport/basketball/64494837', 'https://www.bbc.co.uk/sport/basketball/64010284', 'https://www.bbc.co.uk/sport/basketball/63818629', 'https://www.bbc.co.uk/sport/basketball/63467880', 'https://www.bbc.co.uk/sport/basketball/64808299', 'https://www.bbc.co.uk/sport/basketball/63699344', 'https://www.bbc.co.uk/sport/basketball/64259791', 'https://www.bbc.co.uk/sport/basketball/63899643', 'https://www.bbc.co.uk/sport/basketball/64107654', 'https://www.bbc.co.uk/sport/basketball/64695886', 'https://www.bbc.co.uk/sport/basketball/63933734', 'https://www.bbc.co.uk/sport/basketball/63325545', 'https://www.bbc.co.uk/sport/basketball/63525097']",0.15075218748735003,0.5748387094403645,0.5777982942886989,0.6110533475875854,0.013596690831418947,64
2023,Kevin Porter Jr.,['https://www.bbc.co.uk/sport/basketball/64563131'],0.1825086125086125,0.5705393877896395,0.5542063279585405,0.6127322316169739,0.0111687013908154,1
2023,Klay Thompson,"['https://www.bbc.co.uk/sport/basketball/63397347', 'https://www.bbc.co.uk/sport/basketball/64172182', 'https://www.bbc.co.uk/sport/basketball/64948897', 'https://www.bbc.co.uk/sport/basketball/64782882', 'https://www.bbc.co.uk/sport/basketball/64769116', 'https://www.bbc.co.uk/sport/basketball/64273731', 'https://www.bbc.co.uk/sport/basketball/64846501', 'https://www.bbc.co.uk/sport/basketball/63804650', 'https://www.bbc.co.uk/sport/basketball/63713182', 'https://www.bbc.co.uk/sport/basketball/63686873', 'https://www.bbc.co.uk/sport/basketball/63699344', 'https://www.bbc.co.uk/sport/basketball/63933734', 'https://www.bbc.co.uk/sport/basketball/63525097', 'https://www.bbc.co.uk/sport/basketball/63553732', 'https://www.bbc.co.uk/sport/64700054', 'https://www.bbc.co.uk/sport/basketball/63310729', 'https://www.bbc.co.uk/sport/baseball/64880237']",0.11184531659841553,0.5789033326448179,0.5865562588852994,0.5837663412094116,0.012521704492844222,17
2023,Kyle Kuzma,['https://www.bbc.co.uk/sport/basketball/64107654'],0.2051156728576083,0.5503424803415934,0.5802596807479858,0.5912415385246277,0.0057528487500358,1
2023,Kyle Lowry,"['https://www.bbc.co.uk/sport/football/64772666', 'https://www.bbc.co.uk/sport/football/63559201', 'https://www.bbc.co.uk/sport/football/64685477', 'https://www.bbc.co.uk/sport/football/63440823']",0.0475395959421946,0.5864597061087214,0.5743218230586203,0.5813246965408325,0.004836148222452426,4
2023,Kyrie Irving,"['https://www.bbc.co.uk/sport/basketball/64833608', 'https://www.bbc.co.uk/sport/basketball/64579610', 'https://www.bbc.co.uk/sport/basketball/64535246', 'https://www.bbc.co.uk/sport/basketball/64521840', 'https://www.bbc.co.uk/sport/av/basketball/64583448', 'https://www.bbc.co.uk/sport/basketball/64551113', 'https://www.bbc.co.uk/sport/basketball/64010284', 'https://www.bbc.co.uk/sport/basketball/63899643', 'https://www.bbc.co.uk/sport/basketball/63866184', 'https://www.bbc.co.uk/sport/basketball/63699344', 'https://www.bbc.co.uk/sport/basketball/63697302', 'https://www.bbc.co.uk/sport/basketball/63525097', 'https://www.bbc.co.uk/sport/basketball/63506629', 'https://www.bbc.co.uk/sport/basketball/63495933', 'https://www.bbc.co.uk/sport/basketball/63467880', 'https://www.bbc.co.uk/sport/basketball/63444993', 'https://www.bbc.co.uk/sport/basketball/63383489', 'https://www.bbc.co.uk/news/newsbeat-63541365', 'https://www.bbc.co.uk/news/world-us-canada-63509715', 'https://www.bbc.co.uk/programmes/m001dlyh', 'https://www.bbc.co.uk/sport/basketball/63477309', 'https://www.bbc.co.uk/sport/basketball/64370555', 'https://www.bbc.co.uk/sport/basketball/63580568', 'https://www.bbc.co.uk/sport/basketball/64023967', 'https://www.bbc.co.uk/sport/basketball/64615897', 'https://www.bbc.co.uk/sport/basketball/64593463', 'https://www.bbc.co.uk/sport/basketball/63355733', 'https://www.bbc.co.uk/sport/basketball/64606067', 'https://www.bbc.co.uk/sport/basketball/64722489', 'https://www.bbc.co.uk/sport/basketball/64357720', 'https://www.bbc.co.uk/sport/basketball/64846501', 'https://www.bbc.co.uk/sport/basketball/64494837', 'https://www.bbc.co.uk/sport/basketball/64114841', 'https://www.bbc.co.uk/sport/basketball/63576644', 'https://www.bbc.co.uk/sport/basketball/63532635', 'https://www.bbc.co.uk/programmes/w172yg1vr8ky2g7', 'https://www.bbc.co.uk/sport/basketball/63325545', 'https://www.bbc.co.uk/sport/basketball/64808299', 'https://www.bbc.co.uk/sport/basketball/64885558', 'https://www.bbc.co.uk/sport/basketball/63287260', 'https://www.bbc.co.uk/sport/basketball/64443930', 'https://www.bbc.co.uk/sport/basketball/63933734', 'https://www.bbc.co.uk/news/world-us-canada-63508402', 'https://www.bbc.co.uk/programmes/m001g9zg', 'https://www.bbc.co.uk/sport/basketball/64833608', 'https://www.bbc.co.uk/sport/basketball/64579610', 'https://www.bbc.co.uk/sport/basketball/64535246', 'https://www.bbc.co.uk/sport/basketball/64521840', 'https://www.bbc.co.uk/sport/av/basketball/64583448', 'https://www.bbc.co.uk/sport/basketball/64551113', 'https://www.bbc.co.uk/sport/basketball/64010284', 'https://www.bbc.co.uk/sport/basketball/63899643', 'https://www.bbc.co.uk/sport/basketball/63866184', 'https://www.bbc.co.uk/sport/basketball/63699344', 'https://www.bbc.co.uk/sport/basketball/63697302', 'https://www.bbc.co.uk/sport/basketball/63525097', 'https://www.bbc.co.uk/sport/basketball/63506629', 'https://www.bbc.co.uk/sport/basketball/63495933', 'https://www.bbc.co.uk/sport/basketball/63467880', 'https://www.bbc.co.uk/sport/basketball/63444993', 'https://www.bbc.co.uk/sport/basketball/63383489', 'https://www.bbc.co.uk/news/newsbeat-63541365', 'https://www.bbc.co.uk/news/world-us-canada-63509715', 'https://www.bbc.co.uk/programmes/m001dlyh', 'https://www.bbc.co.uk/sport/basketball/63477309', 'https://www.bbc.co.uk/sport/basketball/64370555', 'https://www.bbc.co.uk/sport/basketball/63580568', 'https://www.bbc.co.uk/sport/basketball/64023967', 'https://www.bbc.co.uk/sport/basketball/64615897', 'https://www.bbc.co.uk/sport/basketball/64593463', 'https://www.bbc.co.uk/sport/basketball/63355733', 'https://www.bbc.co.uk/sport/basketball/64606067', 'https://www.bbc.co.uk/sport/basketball/64722489', 'https://www.bbc.co.uk/sport/basketball/64357720', 'https://www.bbc.co.uk/sport/basketball/64846501', 'https://www.bbc.co.uk/sport/basketball/64494837', 'https://www.bbc.co.uk/sport/basketball/64114841', 'https://www.bbc.co.uk/sport/basketball/63576644', 'https://www.bbc.co.uk/sport/basketball/63532635', 'https://www.bbc.co.uk/programmes/w172yg1vr8ky2g7', 'https://www.bbc.co.uk/sport/basketball/63325545', 'https://www.bbc.co.uk/sport/basketball/64808299', 'https://www.bbc.co.uk/sport/basketball/64885558', 'https://www.bbc.co.uk/sport/basketball/63287260', 'https://www.bbc.co.uk/sport/basketball/64443930', 'https://www.bbc.co.uk/sport/basketball/63933734', 'https://www.bbc.co.uk/news/world-us-canada-63508402', 'https://www.bbc.co.uk/programmes/m001g9zg']",0.09204870208727219,0.5788155785370699,0.5843429526418965,0.5977684855461121,0.07184234204761587,88
2023,LaMelo Ball,"['https://www.bbc.co.uk/sport/basketball/64820742', 'https://www.bbc.co.uk/sport/basketball/64563131', 'https://www.bbc.co.uk/sport/american-football/64623240', 'https://www.bbc.co.uk/sport/basketball/63341374', 'https://www.bbc.co.uk/sport/american-football/63618573', 'https://www.bbc.co.uk/sport/american-football/64487463', 'https://www.bbc.co.uk/news/world-africa-64903233', 'https://www.bbc.co.uk/sport/american-football/64233581', 'https://www.bbc.co.uk/sport/american-football/64929406', 'https://www.bbc.co.uk/sport/american-football/63538136', 'https://www.bbc.co.uk/sport/baseball/64880237', 'https://www.bbc.co.uk/sport/cricket/63201385', 'https://www.bbc.co.uk/sport/american-football/64362953', 'https://www.bbc.co.uk/sport/american-football/64348673']",0.14140807854486978,0.5672962308853059,0.5853009911068591,0.57403165102005,0.0066773602960005715,14
2023,Lauri Markkanen,"['https://www.bbc.co.uk/sport/basketball/64160574', 'https://www.bbc.co.uk/sport/basketball/63553732']",0.1213414273898144,0.5829098125298817,0.5812910397847494,0.5959280729293823,0.00594715276172195,2
2023,LeBron James,"['https://www.bbc.co.uk/sport/basketball/64615897', 'https://www.bbc.co.uk/sport/basketball/64563131', 'https://www.bbc.co.uk/sport/av/basketball/64576697', 'https://www.bbc.co.uk/programmes/p0f1v4v0', 'https://www.bbc.co.uk/news/newsbeat-64573713', 'https://www.bbc.co.uk/sport/av/basketball/64517393', 'https://www.bbc.co.uk/sport/av/basketball/64567857', 'https://www.bbc.co.uk/sport/av/basketball/64512636', 'https://www.bbc.co.uk/sport/basketball/64481152', 'https://www.bbc.co.uk/sport/av/basketball/64453226', 'https://www.bbc.co.uk/sport/basketball/64443930', 'https://www.bbc.co.uk/sport/basketball/64396495', 'https://www.bbc.co.uk/sport/basketball/64370555', 'https://www.bbc.co.uk/sport/basketball/64450359', 'https://www.bbc.co.uk/sport/basketball/64301044', 'https://www.bbc.co.uk/sport/basketball/64134392', 'https://www.bbc.co.uk/newsround/64553059', 'https://www.bbc.co.uk/news/world-us-canada-64155817', 'https://www.bbc.co.uk/programmes/m001hl0v', 'https://www.bbc.co.uk/sport/basketball/63844768', 'https://www.bbc.co.uk/sport/basketball/63766296', 'https://www.bbc.co.uk/sport/basketball/63453775', 'https://www.bbc.co.uk/sport/av/basketball/63314331', 'https://www.bbc.co.uk/sport/av/football/64451791', 'https://www.bbc.co.uk/sport/av/basketball/63456003', 'https://www.bbc.co.uk/sport/basketball/63370829']",0.0891039096972034,0.5969812377488419,0.5972868628226794,0.5970866084098816,0.18645167590481254,26
2023,Luka Dončić,"['https://www.bbc.co.uk/sport/basketball/64833608', 'https://www.bbc.co.uk/sport/basketball/64259791', 'https://www.bbc.co.uk/sport/basketball/64107654', 'https://www.bbc.co.uk/sport/basketball/64093917', 'https://www.bbc.co.uk/sport/av/basketball/64086011', 'https://www.bbc.co.uk/sport/av/basketball/64086013', 'https://www.bbc.co.uk/sport/basketball/63804650', 'https://www.bbc.co.uk/sport/av/basketball/63399963', 'https://www.bbc.co.uk/sport/basketball/64722489', 'https://www.bbc.co.uk/sport/basketball/64615897', 'https://www.bbc.co.uk/sport/basketball/64579610', 'https://www.bbc.co.uk/sport/basketball/63686873', 'https://www.bbc.co.uk/sport/basketball/63397347', 'https://www.bbc.co.uk/sport/basketball/63363379', 'https://www.bbc.co.uk/sport/basketball/63954218', 'https://www.bbc.co.uk/sport/basketball/64551113', 'https://www.bbc.co.uk/sport/basketball/64885558', 'https://www.bbc.co.uk/sport/basketball/64124245', 'https://www.bbc.co.uk/sport/basketball/63933734', 'https://www.bbc.co.uk/sport/basketball/64329346']",0.14121362738874899,0.5835084274411202,0.5699224174022676,0.5938529968261719,0.0192988112326156,20
2023,Marcus Smart,"['https://www.bbc.co.uk/sport/basketball/63614776', 'https://www.bbc.co.uk/news/uk-england-gloucestershire-63945357', 'https://www.bbc.co.uk/sport/football/64833816', 'https://www.bbc.com/sport/articles/cp6zep99055o', 'https://www.bbc.co.uk/sport/rugby-union/64495208', 'https://www.bbc.co.uk/sport/basketball/64160574', 'https://www.bbc.co.uk/sport/basketball/64259791', 'https://www.bbc.co.uk/sport/football/64194806', 'https://www.bbc.co.uk/sport/football/64671106', 'https://www.bbc.co.uk/sport/rugby-union/64501500', 'https://www.bbc.co.uk/sport/football/64277218', 'https://www.bbc.co.uk/sport/rugby-union/64918847', 'https://www.bbc.co.uk/sport/football/64429931', 'https://www.bbc.co.uk/sport/rugby-union/64500383', 'https://www.bbc.co.uk/sport/rugby-union/63696370', 'https://www.bbc.co.uk/sport/football/64099601', 'https://www.bbc.co.uk/sport/football/63523484', 'https://www.bbc.co.uk/sport/rugby-union/64500376', 'https://www.bbc.co.uk/sport/rugby-union/64525412', 'https://www.bbc.co.uk/sport/football/63854557', 'https://www.bbc.co.uk/sport/cricket/63903454', 'https://www.bbc.co.uk/sport/rugby-union/63690854']",0.11648145103853556,0.5721511990079203,0.568219860863548,0.5688713788986206,0.006800641424545759,22
2023,Mikal Bridges,"['https://www.bbc.co.uk/sport/av/basketball/64847824', 'https://www.bbc.co.uk/sport/basketball/64846501', 'https://www.bbc.co.uk/sport/basketball/64593463', 'https://www.bbc.co.uk/sport/basketball/64579610', 'https://www.bbc.co.uk/sport/basketball/64233233', 'https://www.bbc.co.uk/sport/av/basketball/64847824', 'https://www.bbc.co.uk/sport/basketball/64846501', 'https://www.bbc.co.uk/sport/basketball/64593463', 'https://www.bbc.co.uk/sport/basketball/64579610', 'https://www.bbc.co.uk/sport/basketball/64233233']",0.25065593434343436,0.5977152268091838,0.5730232381820679,0.5918048024177551,0.05820622465958798,10
2023,Mike Conley,"['https://www.bbc.co.uk/sport/basketball/64593463', 'https://www.bbc.co.uk/sport/basketball/64579610', 'https://www.bbc.co.uk/sport/mixed-martial-arts/64887864', 'https://www.bbc.co.uk/sport/american-football/63618573', 'https://www.bbc.co.uk/sport/mixed-martial-arts/64924283', 'https://www.bbc.co.uk/sport/american-football/64396384', 'https://www.bbc.co.uk/news/science-environment-64906323', 'https://www.bbc.co.uk/sport/american-football/63939620', 'https://www.bbc.co.uk/sport/american-football/63777983', 'https://www.bbc.co.uk/sport/cricket/63201385']",0.18656229217848638,0.594839889487792,0.5698964244288541,0.5843698382377625,0.005877264890213599,10
2023,Nikola Jokić,"['https://www.bbc.co.uk/sport/basketball/64808299', 'https://www.bbc.co.uk/sport/basketball/64328380', 'https://www.bbc.co.uk/sport/basketball/64023967', 'https://www.bbc.co.uk/sport/basketball/63511616', 'https://www.bbc.co.uk/sport/basketball/64722489', 'https://www.bbc.co.uk/sport/basketball/64481152', 'https://www.bbc.co.uk/sport/basketball/63355733', 'https://www.bbc.co.uk/sport/basketball/64396495', 'https://www.bbc.co.uk/sport/basketball/64846501', 'https://www.bbc.co.uk/sport/basketball/64093917', 'https://www.bbc.co.uk/sport/basketball/63982850', 'https://www.bbc.co.uk/sport/africa/63159188', 'https://www.bbc.co.uk/sport/basketball/64443930', 'https://www.bbc.co.uk/sport/basketball/63933734', 'https://www.bbc.co.uk/sport/basketball/63453775', 'https://www.bbc.co.uk/sport/basketball/63287260', 'https://www.bbc.co.uk/sport/basketball/64329346']",0.14768574925105907,0.5739120205953008,0.5762481644582681,0.5927634239196777,0.005963971308026054,17
2023,Nikola Vučević,"['https://www.bbc.co.uk/sport/basketball/64722489', 'https://www.bbc.co.uk/sport/basketball/64023967', 'https://www.bbc.co.uk/sport/basketball/63383489', 'https://www.bbc.co.uk/sport/basketball/63355733', 'https://www.bbc.co.uk/sport/africa/63159188', 'https://www.bbc.co.uk/sport/basketball/63287260']",0.14899491100550422,0.5658992670831225,0.5888037021671023,0.5900561809539795,0.006488967297993367,6
2023,P.J. Washington,"['https://www.bbc.co.uk/sport/basketball/64563131', 'https://www.bbc.co.uk/sport/basketball/64023967', 'https://www.bbc.co.uk/sport/american-football/64549158', 'https://www.bbc.co.uk/sport/american-football/63855156', 'https://www.bbc.co.uk/sport/american-football/63369025', 'https://www.bbc.co.uk/sport/baseball/64880237', 'https://www.bbc.co.uk/sport/american-football/63538136', 'https://www.bbc.co.uk/sport/american-football/64022849', 'https://www.bbc.co.uk/sport/american-football/63777983']",0.14081488303099704,0.5730313651331804,0.5873943028724575,0.6095776557922363,0.006696238390062799,9
2023,Paolo Banchero,['https://www.bbc.co.uk/sport/basketball/64383208'],0.2453216374269005,0.5700385173161825,0.5779234568277994,0.5979455709457397,0.0147364798689941,1
2023,Pascal Siakam,['https://www.bbc.co.uk/sport/africa/63159188'],0.1260862054612054,0.5658478992325919,0.5790379217692784,0.589145839214325,0.0292914260585767,1
2023,Paul George,"['https://www.bbc.co.uk/programmes/m001f5kl', 'https://www.bbc.co.uk/programmes/p0dh9kxp', 'https://www.bbc.co.uk/programmes/p0dvb8zg', 'https://www.bbc.co.uk/sport/formula1/63617920', 'https://www.bbc.co.uk/sport/formula1/63617916', 'https://www.bbc.co.uk/sport/formula1/63611036', 'https://www.bbc.co.uk/sport/formula1/63610213', 'https://www.bbc.co.uk/programmes/m001g1y5', 'https://www.bbc.co.uk/programmes/p0d4zzr9', 'https://www.bbc.co.uk/sport/horse-racing/64094636']",0.06900537116472742,0.5856778462186004,0.5739767895400265,0.5906705260276794,0.08932132717782693,10
2023,Royce O'Neale,['https://www.bbc.co.uk/sport/basketball/64370555'],0.064,0.5502626101175944,0.5939800341924032,0.6023415327072144,0.0295767487158321,1
2023,Russell Westbrook,"['https://www.bbc.co.uk/sport/basketball/64593463', 'https://www.bbc.co.uk/sport/basketball/64579610', 'https://www.bbc.co.uk/sport/basketball/63437077', 'https://www.bbc.co.uk/sport/basketball/64357720', 'https://www.bbc.co.uk/sport/basketball/64722489', 'https://www.bbc.co.uk/sport/basketball/64769116', 'https://www.bbc.co.uk/sport/basketball/63453775', 'https://www.bbc.co.uk/sport/basketball/63511616', 'https://www.bbc.co.uk/sport/basketball/64563131', 'https://www.bbc.co.uk/sport/basketball/64808299', 'https://www.bbc.co.uk/sport/american-football/64549158', 'https://www.bbc.co.uk/sport/basketball/64010284', 'https://www.bbc.co.uk/sport/american-football/64233581', 'https://www.bbc.co.uk/sport/american-football/63441203', 'https://www.bbc.co.uk/sport/american-football/63369025', 'https://www.bbc.co.uk/sport/american-football/64022849', 'https://www.bbc.co.uk/sport/american-football/63939620', 'https://www.bbc.co.uk/sport/american-football/63777983']",0.1486332678218837,0.5793836813396763,0.5788244870415917,0.5778993964195251,0.010194982809684058,18
2023,Shai Gilgeous-Alexander,"['https://www.bbc.co.uk/sport/basketball/64160574', 'https://www.bbc.co.uk/sport/basketball/64233233', 'https://www.bbc.co.uk/sport/basketball/63397347']",0.11310334972266788,0.5648309389750162,0.5823646187782288,0.6048896312713623,0.0111391303754124,3
2023,Spencer Dinwiddie,"['https://www.bbc.co.uk/sport/basketball/64606067', 'https://www.bbc.co.uk/sport/baseball/64880237', 'https://www.bbc.co.uk/sport/basketball/64551113', 'https://www.bbc.co.uk/sport/basketball/64606067', 'https://www.bbc.co.uk/sport/baseball/64880237', 'https://www.bbc.co.uk/sport/basketball/64551113']",0.15864784357524256,0.5983547179235352,0.5702034185330073,0.5981931090354919,0.01666411835861983,6
2023,Stephen Curry,"['https://www.bbc.co.uk/sport/av/basketball/64932148', 'https://www.bbc.co.uk/sport/basketball/64930824', 'https://www.bbc.co.uk/sport/basketball/64535246', 'https://www.bbc.co.uk/sport/basketball/63982850', 'https://www.bbc.co.uk/sport/basketball/63686873', 'https://www.bbc.co.uk/sport/basketball/63553732', 'https://www.bbc.co.uk/sport/basketball/63310729', 'https://www.bbc.co.uk/sport/basketball/63355733', 'https://www.bbc.co.uk/sport/basketball/64833608', 'https://www.bbc.com/sport/articles/c51j86n40pgo', 'https://www.bbc.co.uk/news/64313215', 'https://www.bbc.co.uk/sport/basketball/64172182', 'https://www.bbc.co.uk/sport/av/basketball/63314331', 'https://www.bbc.co.uk/sport/basketball/64563131', 'https://www.bbc.co.uk/sport/basketball/64974061', 'https://www.bbc.co.uk/sport/basketball/64948897', 'https://www.bbc.co.uk/sport/basketball/63287260', 'https://www.bbc.co.uk/sport/basketball/64409544', 'https://www.bbc.co.uk/sport/football/64766315', 'https://www.bbc.co.uk/sport/basketball/63968476', 'https://www.bbc.co.uk/programmes/m001g9bv', 'https://www.bbc.co.uk/sport/basketball/64233233', 'https://www.bbc.co.uk/sport/basketball/64273731', 'https://www.bbc.co.uk/sport/basketball/64846501', 'https://www.bbc.co.uk/sport/basketball/63804650', 'https://www.bbc.co.uk/sport/basketball/64769116', 'https://www.bbc.co.uk/sport/basketball/63370829', 'https://www.bbc.co.uk/sport/basketball/63713182']",0.10595291475321025,0.5864347979822642,0.5648509316335288,0.5887263417243958,0.04268696857870104,28
2023,Terry Rozier,['https://www.bbc.co.uk/sport/basketball/63532635'],0.089537037037037,0.5834952195485433,0.5467309355735779,0.5714734196662903,0.0054909740659963,1
2023,Tim Hardaway Jr.,['https://www.bbc.co.uk/sport/basketball/64259791'],0.082253086419753,0.6090130011240641,0.5440624554951986,0.6133305430412292,0.0159150070294008,1
2023,Tobias Harris,"['https://www.bbc.co.uk/sport/basketball/64833608', 'https://www.bbc.co.uk/sport/rugby-union/64736011', 'https://www.bbc.co.uk/news/uk-england-leeds-64116640', 'https://www.bbc.co.uk/sport/baseball/64880237', 'https://www.bbc.co.uk/sport/american-football/64362953']",0.10138816192068485,0.6087095151344936,0.5900860915581385,0.5714482665061951,0.00424081526049118,5
2023,Trae Young,"['https://www.bbc.co.uk/sport/basketball/63355733', 'https://www.bbc.co.uk/sport/basketball/64722489', 'https://www.bbc.co.uk/sport/mixed-martial-arts/64363294', 'https://www.bbc.co.uk/sport/american-football/64623240', 'https://www.bbc.co.uk/news/world-africa-64903233', 'https://www.bbc.co.uk/sport/american-football/64487463', 'https://www.bbc.co.uk/sport/american-football/64233581', 'https://www.bbc.co.uk/sport/africa/63159188', 'https://www.bbc.co.uk/sport/american-football/63538136', 'https://www.bbc.co.uk/sport/american-football/63441203', 'https://www.bbc.co.uk/sport/american-football/64348673', 'https://www.bbc.co.uk/sport/cricket/63201385']",0.12657051044576811,0.5739138091763392,0.5897130398627167,0.5709825754165649,0.008246495673095116,12
2023,Trey Murphy III,"['https://www.bbc.co.uk/sport/av/basketball/64696407', 'https://www.bbc.co.uk/sport/basketball/63397347']",0.5575142660369933,0.6129379471143086,0.6118392646312714,0.5920106172561646,0.0052833262838757,2
2023,Tyler Herro,"['https://www.bbc.co.uk/sport/american-football/63855156', 'https://www.bbc.co.uk/sport/american-football/64233581', 'https://www.bbc.co.uk/sport/american-football/63939620']",0.12914644356901792,0.5841365435007044,0.5921950100698455,0.5965168476104736,0.006485064418730067,3
2023,Tyrese Haliburton,['https://www.bbc.co.uk/sport/basketball/63982850'],0.0890873015873015,0.5528131127357483,0.547046571969986,0.5900567770004272,0.0175044333954994,1
2023,Tyrese Maxey,['https://www.bbc.co.uk/sport/basketball/64093917'],0.1617079889807162,0.5636012107133865,0.5379640609025955,0.6006949543952942,0.0106542271306925,1
2023,Wendell Carter Jr.,['https://www.bbc.co.uk/sport/basketball/64124245'],0.1034902597402597,0.5620276729265848,0.5586591958999634,0.6056804060935974,0.0163146114438715,1
2023,Zach LaVine,"['https://www.bbc.co.uk/sport/basketball/63713182', 'https://www.bbc.co.uk/sport/basketball/64341200', 'https://www.bbc.co.uk/sport/basketball/64329346', 'https://www.bbc.co.uk/sport/american-football/64929406', 'https://www.bbc.co.uk/sport/american-football/63452643', 'https://www.bbc.co.uk/sport/american-football/63777983']",0.1497525796903098,0.5746198252001137,0.5685272448592716,0.5881499648094177,0.007415360831540649,6
2023,Zion Williamson,"['https://www.bbc.co.uk/sport/basketball/64114841', 'https://www.bbc.co.uk/sport/basketball/63325545', 'https://www.bbc.co.uk/sport/basketball/63287260', 'https://www.bbc.co.uk/sport/basketball/63899643', 'https://www.bbc.co.uk/sport/basketball/63370829', 'https://www.bbc.co.uk/sport/basketball/63397347']",0.11139340929612057,0.5551982559855022,0.5655843109365494,0.5833246111869812,0.011758276019186999,6
